-- MySQL dump 10.13  Distrib 8.0.21, for Win64 (x86_64)
--
-- Host: localhost    Database: semences
-- ------------------------------------------------------
-- Server version	8.0.21

/*!40101 SET @OLD_CHARACTER_SET_CLIENT=@@CHARACTER_SET_CLIENT */;
/*!40101 SET @OLD_CHARACTER_SET_RESULTS=@@CHARACTER_SET_RESULTS */;
/*!40101 SET @OLD_COLLATION_CONNECTION=@@COLLATION_CONNECTION */;
/*!50503 SET NAMES utf8mb4 */;
/*!40103 SET @OLD_TIME_ZONE=@@TIME_ZONE */;
/*!40103 SET TIME_ZONE='+00:00' */;
/*!40014 SET @OLD_UNIQUE_CHECKS=@@UNIQUE_CHECKS, UNIQUE_CHECKS=0 */;
/*!40014 SET @OLD_FOREIGN_KEY_CHECKS=@@FOREIGN_KEY_CHECKS, FOREIGN_KEY_CHECKS=0 */;
/*!40101 SET @OLD_SQL_MODE=@@SQL_MODE, SQL_MODE='NO_AUTO_VALUE_ON_ZERO' */;
/*!40111 SET @OLD_SQL_NOTES=@@SQL_NOTES, SQL_NOTES=0 */;

--
-- Table structure for table `client`
--

DROP TABLE IF EXISTS `client`;
/*!40101 SET @saved_cs_client     = @@character_set_client */;
/*!50503 SET character_set_client = utf8mb4 */;
CREATE TABLE `client` (
  `id_client` int NOT NULL AUTO_INCREMENT,
  `nom_complet_structure` varchar(50) DEFAULT NULL,
  `acronyme` varchar(50) DEFAULT NULL,
  `est_particulier` tinyint DEFAULT '1',
  `prenom` varchar(45) DEFAULT NULL,
  `nom` varchar(45) DEFAULT NULL,
  PRIMARY KEY (`id_client`)
) ENGINE=InnoDB AUTO_INCREMENT=21 DEFAULT CHARSET=utf8mb4 COLLATE=utf8mb4_0900_ai_ci;
/*!40101 SET character_set_client = @saved_cs_client */;

--
-- Dumping data for table `client`
--

LOCK TABLES `client` WRITE;
/*!40000 ALTER TABLE `client` DISABLE KEYS */;
INSERT INTO `client` VALUES (1,'SenRIZ','SNR',1,NULL,NULL),(3,'AfricaRice','AR',0,NULL,NULL),(4,'AfricaRice','A.R',0,NULL,NULL),(5,'AFRICA RICE','AR',0,NULL,NULL),(6,'SENEGUINDIA','SNG',0,NULL,NULL),(7,'SENERICE','SNRICE',0,NULL,NULL),(8,'Compagnie National Agricole','CNRIA',0,NULL,NULL),(9,NULL,NULL,1,'Ndiawar ','DIOP'),(10,'Ndiawar DIOP','',1,'Ndiawar','DIOP'),(11,'Ali Ngouye NDIAYE','',1,'Ali Ngouye','NDIAYE'),(12,'Abdou Aziz Sy Dabakh NDIAYE','',1,'Abdou Aziz Sy Dabakh','NDIAYE'),(13,'Amadou BA','',1,'Amadou','BA'),(14,'Pathé Ndoye','',1,'Pathé','Ndoye'),(15,'GIE Beug Thiep','GBT',0,'',''),(16,'Sahel Industrie','SAI',0,'',''),(17,'Chez Fatou Sorgho','CFS',0,'',''),(18,'Modou Thiep Industrie','MDI',0,'',''),(19,'dead','fafe',0,'',''),(20,'DiafSociete','DS',0,'','');
/*!40000 ALTER TABLE `client` ENABLE KEYS */;
UNLOCK TABLES;

--
-- Table structure for table `commande`
--

DROP TABLE IF EXISTS `commande`;
/*!40101 SET @saved_cs_client     = @@character_set_client */;
/*!50503 SET character_set_client = utf8mb4 */;
CREATE TABLE `commande` (
  `numero_de_commade` int unsigned NOT NULL AUTO_INCREMENT,
  `quantite` int unsigned DEFAULT NULL,
  `montant` int unsigned DEFAULT NULL,
  `est_enlevee` tinyint(1) DEFAULT '0',
  `est_valide` tinyint DEFAULT '0',
  `est_rejetee` tinyint(1) DEFAULT '0',
  `est_traite` tinyint DEFAULT '0',
  `est_annulee` tinyint DEFAULT '0',
  `date_enlevement_souhaitee` date DEFAULT NULL,
  `date_enlevement_reelle` date DEFAULT NULL,
  `date_creation` date DEFAULT NULL,
  `date_derniere_modification` date DEFAULT NULL,
  `date_expression_besoin_client` date DEFAULT NULL,
  `magasin_enlevement` int NOT NULL,
  `id_production` int NOT NULL,
  `id_client` int NOT NULL,
  PRIMARY KEY (`numero_de_commade`),
  KEY `id_production` (`id_production`),
  KEY `magasin_enlevement` (`magasin_enlevement`),
  KEY `id_client` (`id_client`),
  CONSTRAINT `commande_ibfk_1` FOREIGN KEY (`id_production`) REFERENCES `production` (`id_production`),
  CONSTRAINT `commande_ibfk_2` FOREIGN KEY (`magasin_enlevement`) REFERENCES `magasin` (`id_magasin`),
  CONSTRAINT `commande_ibfk_3` FOREIGN KEY (`id_client`) REFERENCES `client` (`id_client`)
) ENGINE=InnoDB AUTO_INCREMENT=61 DEFAULT CHARSET=utf8mb4 COLLATE=utf8mb4_0900_ai_ci;
/*!40101 SET character_set_client = @saved_cs_client */;

--
-- Dumping data for table `commande`
--

LOCK TABLES `commande` WRITE;
/*!40000 ALTER TABLE `commande` DISABLE KEYS */;
INSERT INTO `commande` VALUES (57,2600,260000,0,1,0,1,0,'2020-09-26','2020-09-26','2020-08-27',NULL,'2020-07-01',1,66,18),(58,900,135000,1,1,0,1,0,'2020-10-18','2020-08-27','2020-08-27',NULL,'2020-06-17',3,67,16),(59,2500,312500,0,1,0,1,0,'2020-10-25','2020-10-25','2020-08-27',NULL,'2020-06-18',1,69,17),(60,1600,240000,0,1,0,1,0,'2020-09-26','2020-09-26','2020-08-27','2020-08-28','2020-06-28',3,67,3);
/*!40000 ALTER TABLE `commande` ENABLE KEYS */;
UNLOCK TABLES;

--
-- Table structure for table `contact`
--

DROP TABLE IF EXISTS `contact`;
/*!40101 SET @saved_cs_client     = @@character_set_client */;
/*!50503 SET character_set_client = utf8mb4 */;
CREATE TABLE `contact` (
  `id_contact` int NOT NULL AUTO_INCREMENT,
  `nom` varchar(50) DEFAULT NULL,
  `prenom` varchar(50) DEFAULT NULL,
  `telephone` varchar(50) DEFAULT NULL,
  `email` varchar(50) DEFAULT NULL,
  `id_localisation` int NOT NULL,
  `id_institution` int DEFAULT NULL,
  `id_magasin` int DEFAULT NULL,
  `id_client` int DEFAULT NULL,
  PRIMARY KEY (`id_contact`),
  KEY `id_localisation` (`id_localisation`),
  KEY `id_client` (`id_client`),
  KEY `contact_ibfk_2` (`id_institution`),
  KEY `contact_ibfk_3` (`id_magasin`),
  CONSTRAINT `contact_ibfk_1` FOREIGN KEY (`id_localisation`) REFERENCES `localisation` (`id_localisation`),
  CONSTRAINT `contact_ibfk_2` FOREIGN KEY (`id_institution`) REFERENCES `institution` (`id_institution`),
  CONSTRAINT `contact_ibfk_3` FOREIGN KEY (`id_magasin`) REFERENCES `magasin` (`id_magasin`),
  CONSTRAINT `contact_ibfk_4` FOREIGN KEY (`id_client`) REFERENCES `client` (`id_client`)
) ENGINE=InnoDB AUTO_INCREMENT=8 DEFAULT CHARSET=utf8mb4 COLLATE=utf8mb4_0900_ai_ci;
/*!40101 SET character_set_client = @saved_cs_client */;

--
-- Dumping data for table `contact`
--

LOCK TABLES `contact` WRITE;
/*!40000 ALTER TABLE `contact` DISABLE KEYS */;
INSERT INTO `contact` VALUES (1,'Modou','Thiep','23456789','modou@thiep.com',1,NULL,NULL,18),(2,'a','b','c','d',24,NULL,NULL,20),(3,'Fall','Fatou','771234567','fatou@fall.com',1,NULL,NULL,3),(4,'Diallo','Mamadou','77123456','diallou@mamadou.com',1,NULL,NULL,20),(5,'Seck','Pathé','778951245','pathe@seck.com',1,1,NULL,NULL),(6,'Ndiaye','Modou','778946210','modou@ndiaye.com',2,1,NULL,NULL),(7,'adedae','aedaeda','88841661','adeda',2,1,NULL,NULL);
/*!40000 ALTER TABLE `contact` ENABLE KEYS */;
UNLOCK TABLES;

--
-- Table structure for table `institution`
--

DROP TABLE IF EXISTS `institution`;
/*!40101 SET @saved_cs_client     = @@character_set_client */;
/*!50503 SET character_set_client = utf8mb4 */;
CREATE TABLE `institution` (
  `id_institution` int NOT NULL AUTO_INCREMENT,
  `nom_complet` varchar(50) DEFAULT NULL,
  `sigle` varchar(50) DEFAULT NULL,
  `id_localisation` int NOT NULL,
  PRIMARY KEY (`id_institution`),
  KEY `id_localisation` (`id_localisation`),
  CONSTRAINT `institution_ibfk_1` FOREIGN KEY (`id_localisation`) REFERENCES `localisation` (`id_localisation`)
) ENGINE=InnoDB AUTO_INCREMENT=5 DEFAULT CHARSET=utf8mb4 COLLATE=utf8mb4_0900_ai_ci;
/*!40101 SET character_set_client = @saved_cs_client */;

--
-- Dumping data for table `institution`
--

LOCK TABLES `institution` WRITE;
/*!40000 ALTER TABLE `institution` DISABLE KEYS */;
INSERT INTO `institution` VALUES (1,'Institut Sénégalaise de Recherches Agricole','ISRA',185),(2,'AfricaRICE','AR',6);
/*!40000 ALTER TABLE `institution` ENABLE KEYS */;
UNLOCK TABLES;

--
-- Table structure for table `localisation`
--

DROP TABLE IF EXISTS `localisation`;
/*!40101 SET @saved_cs_client     = @@character_set_client */;
/*!50503 SET character_set_client = utf8mb4 */;
CREATE TABLE `localisation` (
  `id_localisation` int NOT NULL AUTO_INCREMENT,
  `id_zone` int NOT NULL,
  `region` varchar(11) CHARACTER SET utf8 COLLATE utf8_general_ci DEFAULT NULL,
  `departement` varchar(17) CHARACTER SET utf8 COLLATE utf8_general_ci DEFAULT NULL,
  `commune` varchar(20) CHARACTER SET utf8 COLLATE utf8_general_ci DEFAULT NULL,
  `village` varchar(34) CHARACTER SET utf8 COLLATE utf8_general_ci DEFAULT NULL,
  `longitude` int DEFAULT NULL,
  `latitude` int DEFAULT NULL,
  PRIMARY KEY (`id_localisation`),
  KEY `id_zone` (`id_zone`),
  CONSTRAINT `localisation_ibfk_1` FOREIGN KEY (`id_zone`) REFERENCES `zone_agro_ecologique` (`id_zone`)
) ENGINE=InnoDB AUTO_INCREMENT=1690 DEFAULT CHARSET=utf8mb4 COLLATE=utf8mb4_0900_ai_ci;
/*!40101 SET character_set_client = @saved_cs_client */;

--
-- Dumping data for table `localisation`
--

LOCK TABLES `localisation` WRITE;
/*!40000 ALTER TABLE `localisation` DISABLE KEYS */;
INSERT INTO `localisation` VALUES (1,3,'ZIGUINCHOR','ZIGUINCHOR','Adeane','Agnack Grand',380472,1390435),(2,3,'ZIGUINCHOR','ZIGUINCHOR','Adeane','Agnack Petit',378500,1391004),(3,3,'ZIGUINCHOR','ZIGUINCHOR','Adeane','Baghagha',385394,1393372),(4,3,'ZIGUINCHOR','ZIGUINCHOR','Adeane','Sindone',383084,1393478),(5,1,'MATAM','MATAM','Agnam Civol','Ndiaffane Belithinde',646715,1781198),(6,1,'MATAM','MATAM','Agnam Civol','Ndiaffane Sorokoum',646953,1781278),(7,1,'MATAM','MATAM','Agnam Civol','Sinthiou Boumack',648582,1781999),(8,3,'KOLDA','MEDINA YORO FOULA','Badion','Medina Ndiobo',569994,1442399),(9,3,'KOLDA','MEDINA YORO FOULA','Badion','Sare Yero Bambi',564818,1443768),(10,3,'KOLDA','MEDINA YORO FOULA','Badion','Velingara Diouhe',565204,1444584),(11,3,'KOLDA','MEDINA YORO FOULA','Badion','Dirimaro',565676,1445637),(12,3,'KOLDA','MEDINA YORO FOULA','Badion','Badion',569722,1446036),(13,3,'KOLDA','MEDINA YORO FOULA','Badion','Sinthiang Tening',570480,1448050),(14,3,'KOLDA','MEDINA YORO FOULA','Badion','Sinthiane Sanou',568406,1448537),(15,3,'KOLDA','MEDINA YORO FOULA','Badion','Akounde Moundiourou',570720,1448806),(16,3,'KOLDA','MEDINA YORO FOULA','Badion','Koumbaly Meta',567136,1449384),(17,3,'KOLDA','MEDINA YORO FOULA','Badion','Sare Boido Maly',572417,1451846),(18,3,'KOLDA','MEDINA YORO FOULA','Badion','Linguedie',569145,1457937),(19,3,'KOLDA','MEDINA YORO FOULA','Badion','Sare Ndoumbe',565201,1461710),(20,3,'KOLDA','MEDINA YORO FOULA','Badion','Sare Dianko',560794,1462408),(21,3,'KOLDA','MEDINA YORO FOULA','Badion','Linkediang (Sare Bacar',566280,1463281),(22,3,'KOLDA','MEDINA YORO FOULA','Badion','Sare Ndiobo',558993,1466498),(23,3,'KOLDA','MEDINA YORO FOULA','Badion','Sare Moussayel',560768,1466855),(24,3,'Kolda','MYF','Badion','Medina Boubacar',565713,1442268),(25,3,'Kolda','MYF','Badion','Sare Meta',567020,1449401),(26,3,'Kolda','MYF','Badion','Sare Samba Tening',565154,1444497),(27,3,'KOLDA','KOLDA','Bagadadji','Sinthiang Dembarou',538526,1411117),(28,3,'KOLDA','KOLDA','Bagadadji','Ibrahima Nina',535258,1413086),(29,3,'KOLDA','KOLDA','Bagadadji','Salamata',525167,1419902),(30,3,'KOLDA','KOLDA','Bagadadji','Kampissa',543764,1419925),(31,3,'KOLDA','KOLDA','Bagadadji','Manthiancany',534115,1420266),(32,3,'KOLDA','KOLDA','Bagadadji','Bagadadji',540574,1420527),(33,3,'KOLDA','KOLDA','Bagadadji','Medina Seydou Ba',537225,1421648),(34,3,'KOLDA','KOLDA','Bagadadji','Medyana Aliou Samba',539274,1422128),(35,3,'KOLDA','KOLDA','Bagadadji','Missira Mamadou',541020,1422631),(36,3,'KOLDA','KOLDA','Bagadadji','Touba Medina',533004,1425889),(37,3,'KOLDA','KOLDA','Bagadadji','Afia Samba',536406,1430757),(38,3,'SEDHIOU','GOUDOMP','Baghere','Fadioughar',458000,1391640),(39,3,'SEDHIOU','GOUDOMP','Baghere','Sare Pathe',457496,1392773),(40,3,'SEDHIOU','GOUDOMP','Baghere','Diamaye',459779,1392925),(41,3,'SEDHIOU','GOUDOMP','Baghere','Francounda',457973,1393361),(42,3,'SEDHIOU','GOUDOMP','Baghere','Lamin',458916,1393412),(43,3,'SEDHIOU','GOUDOMP','Baghere','Samadji Mansa',464348,1395117),(44,3,'SEDHIOU','GOUDOMP','Baghere','Sare Sambel',457947,1396924),(45,3,'SEDHIOU','GOUDOMP','Baghere','Medina Ibrahima Diallo',458597,1397803),(46,3,'SEDHIOU','GOUDOMP','Baghere','Tanaff',453578,1398271),(47,3,'SEDHIOU','GOUDOMP','Baghere','Sansancoutoto',448418,1398814),(48,3,'SEDHIOU','GOUDOMP','Baghere','Sinthiou Bocar Demba',457952,1399596),(49,3,'SEDHIOU','GOUDOMP','Baghere','Sototo',457061,1399642),(50,3,'ZIGUINCHOR','BIGNONA','Balingore','Balingore',352734,1412425),(51,3,'SEDHIOU','SEDHIOU','Bambali','Karantaba Nani Manjaqu',431501,1389216),(52,3,'SEDHIOU','SEDHIOU','Bambali','Maroncounda',430354,1389797),(53,3,'SEDHIOU','SEDHIOU','Bambali','Bouno',435956,1391532),(54,3,'SEDHIOU','SEDHIOU','Bambali','Karantaba Nani',434287,1391832),(55,3,'SEDHIOU','SEDHIOU','Bambali','Bouno Manjacque',435023,1391941),(56,3,'SEDHIOU','SEDHIOU','Bambali','Diambancounda',433791,1392472),(57,3,'SEDHIOU','SEDHIOU','Bambali','Bambali',428443,1393103),(58,3,'SEDHIOU','SEDHIOU','Bambali','Malifara',436543,1393865),(59,3,'SEDHIOU','SEDHIOU','Bambali','Tendaba Kindakam',425181,1394164),(60,3,'SEDHIOU','SEDHIOU','Bambali','Bamacounda',436253,1394845),(61,3,'SEDHIOU','SEDHIOU','Bambali','Boudjimar Mandingue',430821,1395408),(62,3,'SEDHIOU','SEDHIOU','Bambali','Boudjimar Sinako',432677,1395488),(63,3,'SEDHIOU','SEDHIOU','Bambali','Madina Bourama Mane',426004,1395617),(64,3,'SEDHIOU','SEDHIOU','Bambali','Badiary',438721,1395724),(65,3,'SEDHIOU','SEDHIOU','Bambali','Nguindir',424773,1396290),(66,3,'SEDHIOU','SEDHIOU','Bambali','Francounda',426876,1396996),(67,3,'SEDHIOU','SEDHIOU','Bambali','Tambanadiang',439791,1398051),(68,3,'SEDHIOU','SEDHIOU','Bambali','Boudjimar-Samine',425040,1399019),(69,3,'SEDHIOU','SEDHIOU','Bambali','Sorance',428926,1399510),(70,3,'SEDHIOU','SEDHIOU','Bambali','Tambanala',440032,1400294),(71,3,'SEDHIOU','SEDHIOU','Bambali','Kamangouba',440854,1396729),(72,3,'SEDHIOU','SEDHIOU','Bemet Bidjini','Sibicouroto I',397477,1401032),(73,3,'SEDHIOU','SEDHIOU','Bemet Bidjini','Sibicouroto II',398243,1401434),(74,3,'SEDHIOU','SEDHIOU','Bemet Bidjini','Francounda Bainouck',399302,1404700),(75,3,'SEDHIOU','SEDHIOU','Bemet Bidjini','Francounda Sarakhole',400550,1405337),(76,3,'SEDHIOU','SEDHIOU','Bemet Bidjini','Francounda Badjicounda',402419,1405665),(77,3,'SEDHIOU','SEDHIOU','Bemet Bidjini','Francounda Badjiga',399608,1406211),(78,3,'SEDHIOU','SEDHIOU','Bemet Bidjini','Bemet Baghagha',392369,1408697),(79,3,'SEDHIOU','SEDHIOU','Bemet Bidjini','Diafar Douma',392914,1410711),(80,3,'SEDHIOU','SEDHIOU','Bemet Bidjini','Diafar Santo',395454,1411516),(81,3,'SEDHIOU','SEDHIOU','Bemet Bidjini','Bona',395526,1409883),(82,3,'KOLDA','MEDINA YORO FOULA','Bignarabe','Sare Diatta Mballo',512022,1427163),(83,3,'KOLDA','MEDINA YORO FOULA','Bignarabe','Missira Coly',511458,1427967),(84,3,'KOLDA','MEDINA YORO FOULA','Bignarabe','Sare Demba Toure',509810,1428764),(85,3,'KOLDA','MEDINA YORO FOULA','Bignarabe','Sare Boydo',510239,1428827),(86,3,'KOLDA','MEDINA YORO FOULA','Bignarabe','Sanankoro',512649,1429082),(87,3,'KOLDA','MEDINA YORO FOULA','Bignarabe','Temento Samba',514680,1430753),(88,3,'KOLDA','MEDINA YORO FOULA','Bignarabe','Sare Guiro',515636,1431182),(89,3,'KOLDA','MEDINA YORO FOULA','Bignarabe','Sare Amidou Diao',516552,1431711),(90,3,'KOLDA','MEDINA YORO FOULA','Bignarabe','Kadiamary Dioubel',507772,1431880),(91,3,'KOLDA','MEDINA YORO FOULA','Bignarabe','Sare Bakary',514128,1431979),(92,3,'KOLDA','MEDINA YORO FOULA','Bignarabe','Sare Pathe',520679,1432367),(93,3,'KOLDA','MEDINA YORO FOULA','Bignarabe','Tabawal',514668,1432812),(94,3,'KOLDA','MEDINA YORO FOULA','Bignarabe','Sinthiang Adama',517695,1432854),(95,3,'KOLDA','MEDINA YORO FOULA','Bignarabe','Medina Kounfarang',513040,1433363),(96,3,'KOLDA','MEDINA YORO FOULA','Bignarabe','Sare Gueladio',507876,1433522),(97,3,'KOLDA','MEDINA YORO FOULA','Bignarabe','Santakoye',514096,1433849),(98,3,'KOLDA','MEDINA YORO FOULA','Bignarabe','Mancagne Sory II / Man',515493,1436453),(99,3,'KOLDA','MEDINA YORO FOULA','Bignarabe','Mancagne Sory I',515790,1437701),(100,3,'Kolda','MYF','Bignarabe','Sare Tobo',518621,1434946),(101,1,'SAINT LOUIS','PODOR','BOKE DIALLOUBE','Boke Mbaybe',607820,1774931),(102,1,'SAINT LOUIS','PODOR','BOKE DIALLOUBE','Pete',612549,1780850),(103,1,'SAINT LOUIS','PODOR','BOKE DIALLOUBE','Ngouye',614618,1784978),(104,1,'SAINT LOUIS','DAGANA','Bokhol','Ngambou Thille',453871,1819285),(105,1,'SAINT LOUIS','DAGANA','Bokhol','Mbilor',440667,1822576),(106,1,'SAINT LOUIS','DAGANA','Bokhol','Guidakhar',433224,1824647),(107,1,'SAINT LOUIS','DAGANA','Bokhol','Dagana',445656,1826210),(108,1,'SAINT LOUIS','DAGANA','Bokhol','Bokhol',457184,1827220),(109,1,'SAINT LOUIS','DAGANA','Bokhol','Ndiareme',453268,1830375),(110,1,'SAINT LOUIS','DAGANA','Bokhol','Gae',451689,1832972),(111,1,'MATAM','MATAM','Bokidiawe','Saracouro Dialloube',661301,1753511),(112,1,'MATAM','MATAM','Bokidiawe','Doumga Rindiaw',664081,1754783),(113,1,'MATAM','MATAM','Bokidiawe','Bokidiawe Sarakhole',661688,1757060),(114,1,'MATAM','MATAM','Bokidiawe','Bokidiawe Toucouleur',661433,1757147),(115,1,'MATAM','MATAM','Bokidiawe','Sadel',678219,1758605),(116,1,'MATAM','MATAM','Bokidiawe','Nguidjilone Somono',678219,1761747),(117,1,'MATAM','MATAM','Bokidiawe','Nguidjilone Lodiou',676536,1763023),(118,1,'MATAM','MATAM','Bokidiawe','Aly Oury',674178,1766696),(119,1,'MATAM','MATAM','Bokidiawe','Kedele',674199,1767311),(120,1,'MATAM','MATAM','Bokidiawe','Dondou',673143,1771672),(121,1,'MATAM','MATAM','Bokidiawe','Mow',665974,1773702),(122,1,'MATAM','MATAM','Bokidiawe','Gaoudal I',667814,1774583),(123,1,'MATAM','MATAM','Bokidiawe','Gaoudal II',668074,1774788),(124,1,'MATAM','MATAM','Bokidiawe','Diovol',673216,1774937),(125,1,'MATAM','MATAM','Bokidiawe','Belel Pathe',670265,1776347),(126,1,'MATAM','MATAM','Bokidiawe','Gaol',661425,1777485),(127,1,'MATAM','MATAM','Bokidiawe','Guiraye',666092,1777852),(128,3,'SEDHIOU','BOUNKILING','Bona','Djiragone Diafar',403210,1431749),(129,3,'SEDHIOU','BOUNKILING','Bona','Briou',399018,1431902),(130,3,'SEDHIOU','BOUNKILING','Bona','Bona',408782,1432814),(131,3,'SEDHIOU','BOUNKILING','Bona','Kamanghou Ba',409645,1433438),(132,3,'KOLDA','VELINGARA','Bonconto','Kael Bessel',624901,1431228),(133,3,'KOLDA','VELINGARA','Bonconto','Mounting Hamady',617549,1434656),(134,3,'KOLDA','VELINGARA','Bonconto','Koundara Kaba',618104,1437504),(135,3,'KOLDA','VELINGARA','Bonconto','Kerevane Pakane',617788,1437605),(136,3,'KOLDA','VELINGARA','Bonconto','Mandou Koukaly',616809,1437850),(137,3,'KOLDA','VELINGARA','Bonconto','Diyabougou Fode',616755,1439435),(138,3,'KOLDA','VELINGARA','Bonconto','Bonconto',616520,1440031),(139,3,'KOLDA','VELINGARA','Bonconto','Darou Idjiratou',622012,1440748),(140,3,'Kolda','v├®lingara','Bonconto','Sinthiang Aliou',620901,1440825),(141,3,'KOLDA','MEDINA YORO FOULA','Bourouco','Medina Dinguiraye',478383,1465022),(142,3,'KOLDA','MEDINA YORO FOULA','Bourouco','Bourouco Cisse',474599,1467483),(143,3,'KOLDA','MEDINA YORO FOULA','Bourouco','Yedoulaye/Lamsar',487405,1467906),(144,3,'KOLDA','MEDINA YORO FOULA','Bourouco','Medina Passy',494840,1471769),(145,3,'KOLDA','MEDINA YORO FOULA','Bourouco','Medina Ndiaw',490871,1471796),(146,3,'KOLDA','MEDINA YORO FOULA','Bourouco','Sare Doro Thiam',469705,1471916),(147,3,'KOLDA','MEDINA YORO FOULA','Bourouco','Touba Mouride (Touba T',484812,1476056),(148,3,'KOLDA','MEDINA YORO FOULA','Bourouco','Darou Salam',487617,1476611),(149,3,'KOLDA','MEDINA YORO FOULA','Bourouco','Medina Mandakh',477351,1476982),(150,3,'KOLDA','MEDINA YORO FOULA','Bourouco','Darou Pacathiar',484283,1479627),(151,3,'ZIGUINCHOR','ZIGUINCHOR','Boutoupa Camaracound','Boutoupa',381806,1380676),(152,3,'ZIGUINCHOR','ZIGUINCHOR','Boutoupa Camaracound','Bourofaye Baynouck',362284,1381379),(153,3,'ZIGUINCHOR','ZIGUINCHOR','Boutoupa Camaracound','Baraka Bounao',370409,1381626),(154,3,'ZIGUINCHOR','ZIGUINCHOR','Boutoupa Camaracound','Guidel Bambandika',373096,1381771),(155,3,'ZIGUINCHOR','ZIGUINCHOR','Boutoupa Camaracound','Camaracounda',382889,1382571),(156,3,'ZIGUINCHOR','ZIGUINCHOR','Boutoupa Camaracound','Laty',387571,1384007),(157,3,'ZIGUINCHOR','ZIGUINCHOR','Boutoupa Camaracound','Mawa',382850,1384468),(158,3,'ZIGUINCHOR','ZIGUINCHOR','Boutoupa Camaracound','Bourofaye Diola',361230,1384676),(159,3,'ZIGUINCHOR','ZIGUINCHOR','Boutoupa Camaracound','Yacko Peulh',383162,1379738),(160,3,'ZIGUINCHOR','BIGNONA','Coubalane','Djilacoune',368093,1399108),(161,3,'ZIGUINCHOR','BIGNONA','Coubalane','Koubalan',372702,1399820),(162,3,'ZIGUINCHOR','BIGNONA','Coubalane','Coubanao',381676,1400312),(163,3,'ZIGUINCHOR','BIGNONA','Coubalane','Boutolatte Karamba',373618,1404653),(164,3,'ZIGUINCHOR','BIGNONA','Coubalane','Boureck',373808,1406457),(165,3,'KOLDA','KOLDA','Coumbacara','Coulinto',561608,1402650),(166,3,'KOLDA','KOLDA','Coumbacara','Dialacoumbi Mandingue',542975,1402916),(167,3,'KOLDA','KOLDA','Coumbacara','Coumbacara',557052,1404533),(168,3,'KOLDA','KOLDA','Coumbacara','Sare Dembel',558579,1405598),(169,3,'KOLDA','KOLDA','Coumbacara','Dibito',554542,1407773),(170,3,'KOLDA','KOLDA','Coumbacara','Thidely',562502,1407779),(171,3,'KOLDA','KOLDA','Coumbacara','Sare Alette',554535,1408876),(172,3,'KOLDA','KOLDA','Coumbacara','Diambour Kombo',544376,1409411),(173,3,'KOLDA','KOLDA','Coumbacara','Missira Moussa Diao',554153,1409660),(174,3,'Kolda','Kolda','Coumbacara','Sare sambel',555078,1402179),(175,3,'Kolda','Kolda','Coumbacara','Dialacoumbi',543912,1408974),(176,2,'KAOLACK','NIORO DU RIP','Dabaly','Kantora Ly',422014,1508937),(177,2,'KAOLACK','NIORO DU RIP','Dabaly','Kantora Diasse',421888,1509308),(178,2,'KAOLACK','NIORO DU RIP','Dabaly','Kapaye Thisse',421900,1510633),(179,2,'KAOLACK','NIORO DU RIP','Dabaly','Keur Ndioba Rip',423277,1512149),(180,2,'KAOLACK','NIORO DU RIP','Dabaly','Bahou',424150,1512526),(181,2,'KAOLACK','NIORO DU RIP','Dabaly','Firgui',424999,1514763),(182,2,'KAOLACK','NIORO DU RIP','Dabaly','Darou Rahmane',419622,1515616),(183,2,'KAOLACK','NIORO DU RIP','Dabaly','Santhie Mamour Ndary',420141,1516465),(184,2,'KAOLACK','NIORO DU RIP','Dabaly','Leyene',423511,1517732),(185,2,'KAOLACK','NIORO DU RIP','Dabaly','Bamba',420749,1518649),(186,2,'KAOLACK','NIORO DU RIP','Dabaly','Dabaly',426048,1519200),(187,2,'KAOLACK','NIORO DU RIP','Dabaly','Keur Ndiaga',419736,1520048),(188,2,'KAOLACK','NIORO DU RIP','Dabaly','Keur Madiabel',423257,1521218),(189,2,'KAOLACK','NIORO DU RIP','Dabaly','Kabacoto',430037,1523108),(190,1,'MATAM','MATAM','Dabia','Dabia Odedji',658866,1760095),(191,1,'MATAM','MATAM','Dabia','Kobilo Torobes',658124,1761019),(192,1,'MATAM','MATAM','Dabia','Kobilo Diakesbe',657890,1761042),(193,1,'MATAM','MATAM','Dabia','Kobilo Diadiabe',657703,1761257),(194,1,'MATAM','MATAM','Dabia','Diongto',658653,1779027),(195,1,'MATAM','MATAM','Dabia','Dial Pecheur',659164,1782357),(196,1,'MATAM','MATAM','Dabia','Dial Peulh',658842,1782466),(197,1,'MATAM','MATAM','Dabia','Gababe Pecheurs',656053,1783570),(198,2,'KAOLACK','NIORO DU RIP','Darou Salam','Medina Parkha',423211,1522429),(199,2,'KAOLACK','NIORO DU RIP','Darou Salam','Touba Parkha',421739,1522467),(200,2,'KAOLACK','NIORO DU RIP','Darou Salam','Darou Salam',419389,1522817),(201,2,'KAOLACK','NIORO DU RIP','Darou Salam','Darou Lougue Touba',417424,1522992),(202,2,'KAOLACK','NIORO DU RIP','Darou Salam','Touba Saloum',423559,1524080),(203,2,'KAOLACK','NIORO DU RIP','Darou Salam','Daga Nguidaly',421280,1524229),(204,2,'KAOLACK','NIORO DU RIP','Darou Salam','Daga Thieckene',420907,1524398),(205,2,'KAOLACK','NIORO DU RIP','Darou Salam','Keur Bidji Oury',416127,1524482),(206,2,'KAOLACK','NIORO DU RIP','Darou Salam','Kapaye Ndiaga',428840,1524802),(207,2,'KAOLACK','NIORO DU RIP','Darou Salam','Hamdallahi',415060,1525237),(208,2,'KAOLACK','NIORO DU RIP','Darou Salam','Keur Amath Manka',420141,1526142),(209,2,'KAOLACK','NIORO DU RIP','Darou Salam','Keur Amath Bakhoum',419836,1526210),(210,2,'KAOLACK','NIORO DU RIP','Darou Salam','Darou Alime',422540,1526308),(211,2,'KAOLACK','NIORO DU RIP','Darou Salam','Barkevel',417287,1527293),(212,2,'KAOLACK','NIORO DU RIP','Darou Salam','Dertadi Peulh',412837,1527307),(213,2,'KAOLACK','NIORO DU RIP','Darou Salam','Boubou Deme',415337,1527453),(214,2,'KAOLACK','NIORO DU RIP','Darou Salam','Ndama',424805,1527492),(215,2,'KAOLACK','NIORO DU RIP','Darou Salam','Keur Mamour Drame',412751,1527665),(216,2,'KAOLACK','NIORO DU RIP','Darou Salam','Dertady Ouolof',412782,1528157),(217,2,'KAOLACK','NIORO DU RIP','Darou Salam','Maka Ndienghene',423824,1529189),(218,2,'KAOLACK','NIORO DU RIP','Darou Salam','Diam Welly Peulh',414473,1530746),(219,2,'KAOLACK','NIORO DU RIP','Darou Salam','Fass Keur El Hadji Kat',412796,1530840),(220,2,'KAOLACK','NIORO DU RIP','Darou Salam','Keur Gallo Woury',411445,1530845),(221,2,'KAOLACK','NIORO DU RIP','Darou Salam','Keur Diebel',411596,1531152),(222,2,'KAOLACK','NIORO DU RIP','Darou Salam','Ndiaw Ndemene',418951,1531281),(223,2,'KAOLACK','NIORO DU RIP','Darou Salam','Keur Ibrahima Diallo',414186,1531672),(224,2,'KAOLACK','NIORO DU RIP','Darou Salam','Keur Samba Diallo',414301,1532371),(225,2,'KAOLACK','NIORO DU RIP','Darou Salam','Ndemene Keur Birane',417155,1532672),(226,2,'KAOLACK','NIORO DU RIP','Darou Salam','Medina Amadou Cisse',413795,1533448),(227,2,'KAOLACK','NIORO DU RIP','Darou Salam','Santhie Ndemene',416257,1533594),(228,2,'KAOLACK','NIORO DU RIP','Darou Salam','Yadoulaye Ndemene',417609,1533737),(229,2,'KAOLACK','NIORO DU RIP','Darou Salam','Medina Keur Omar Toure',416859,1534053),(230,2,'KAOLACK','NIORO DU RIP','Darou Salam','Diam Welly Ouolof',414855,1534529),(231,2,'KAOLACK','NIORO DU RIP','Darou Salam','Darou Nahim',409563,1535657),(232,2,'KAOLACK','NIORO DU RIP','Darou Salam','Velingara Ndemene',413729,1535776),(233,2,'Kaolack','Nioro Du Rip','Darou Salam','Keur Mbaye',421703,1530798),(234,3,'SEDHIOU','BOUNKILING','Diacounda','Nioroki',393530,1428274),(235,3,'SEDHIOU','BOUNKILING','Diacounda','Diendieme',398184,1429988),(236,3,'SEDHIOU','BOUNKILING','Diacounda','Yacko Peulh',394077,1430180),(237,3,'SEDHIOU','BOUNKILING','Diacounda','Yacko Ouolof',394952,1431496),(238,3,'SEDHIOU','BOUNKILING','Diacounda','Kamoghone',411714,1432123),(239,3,'SEDHIOU','BOUNKILING','Diacounda','Diacounda Diolene',395870,1432840),(240,3,'SEDHIOU','BOUNKILING','Diacounda','Diacounda Djipendor',395838,1433453),(241,3,'SEDHIOU','BOUNKILING','Diacounda','Diamamboli',396270,1434252),(242,3,'SEDHIOU','BOUNKILING','Diacounda','Kankoulero',397522,1434724),(243,3,'SEDHIOU','BOUNKILING','Diacounda','Bissary Dioub',398886,1436814),(244,3,'SEDHIOU','BOUNKILING','Diacounda','Kambounda',399599,1438535),(245,3,'SEDHIOU','BOUNKILING','Diacounda','Kabeumb',399976,1440576),(246,3,'SEDHIOU','BOUNKILING','Diacounda','Bissary Dioubkamanghone',398758,1436044),(247,3,'KOLDA','KOLDA','Dialambere','Ngoki',558391,1417522),(248,3,'KOLDA','KOLDA','Dialambere','Diaocounda Pating',555275,1419607),(249,3,'KOLDA','KOLDA','Dialambere','Sinthiang Demba Kampis',554277,1421862),(250,3,'KOLDA','KOLDA','Dialambere','Thiara Mandingue',548972,1421929),(251,3,'KOLDA','KOLDA','Dialambere','Thiara Peulh',548647,1422195),(252,3,'KOLDA','KOLDA','Dialambere','Medina Mamadou Aliou',552309,1422329),(253,3,'KOLDA','KOLDA','Dialambere','Afia Ousmane',546957,1423043),(254,3,'KOLDA','KOLDA','Dialambere','Dabo',557000,1423719),(255,3,'KOLDA','KOLDA','Dialambere','Dialambere',551119,1423893),(256,3,'KOLDA','KOLDA','Dialambere','Ngoudoumane Bakary',547443,1423993),(257,3,'KOLDA','KOLDA','Dialambere','Ngoudoumane Dienoun',547164,1424094),(258,3,'KOLDA','KOLDA','Dialambere','Bantankiling Waly',562059,1433909),(259,3,'KOLDA','KOLDA','Dialambere','Sare Bakary Diao',558854,1440664),(260,3,'Kolda','Kolda','Dialambere','Sare Haba',554131,1421790),(261,3,'Kolda','Kolda','Dialambere','Diaocounda',554935,1419845),(262,3,'Kolda','Kolda','Dialambere','Hamdallaye Yero Kande',562214,1425148),(263,3,'Kolda','Kolda','Dialambere','Mamadou Aliou',548741,1423298),(264,3,'Kolda','Kolda','Dialambere','Hamdallaye Yero Kande',562238,1425155),(265,1,'SAINT LOUIS','DAGANA','Diama','Ndioungue Mberesse',367275,1793273),(266,1,'SAINT LOUIS','DAGANA','Diama','Rainabe II',380719,1795431),(267,1,'SAINT LOUIS','DAGANA','Diama','Thilene',373846,1798178),(268,1,'SAINT LOUIS','DAGANA','Diama','Rainabe I',382702,1799326),(269,1,'SAINT LOUIS','DAGANA','Diama','Ross-Bethio',378551,1799587),(270,1,'SAINT LOUIS','DAGANA','Diama','Mboundoum Barrage',385223,1813176),(271,1,'SAINT LOUIS','DAGANA','Diama','Diadiam I',377593,1813401),(272,1,'SAINT LOUIS','DAGANA','Diama','Souloul',385297,1809569),(273,1,'SAINT LOUIS','DAGANA','Diama','Pont-Gendarme',370157,1796000),(274,1,'SAINT LOUIS','DAGANA','Diama','Gandiaye Wolof',371989,1796505),(275,1,'SAINT LOUIS','DAGANA','Diama','Gandiaye Peulh',371378,1794344),(276,1,'SAINT LOUIS','DAGANA','Diama','Medina',372257,1797728),(277,1,'SAINT LOUIS','DAGANA','Diama','Ngaw',374620,1801569),(278,1,'SAINT LOUIS','DAGANA','Diama','Daara Mbaye Gueye',382376,1807489),(279,2,'KAFFRINE','KAFFRINE','Diamagadio','Djimballa Senegal',455569,1519756),(280,2,'KAFFRINE','KAFFRINE','Diamagadio','Djimballa Wenerou',455850,1520146),(281,2,'KAFFRINE','KAFFRINE','Diamagadio','Ventinkou',458776,1523539),(282,2,'KAFFRINE','KAFFRINE','Diamagadio','Diamagadio',453831,1523742),(283,2,'KAFFRINE','KAFFRINE','Diamagadio','Diokoul Kao',454187,1525861),(284,2,'KAFFRINE','KAFFRINE','Diamagadio','Ndakhar Peulh',443929,1526195),(285,2,'KAFFRINE','KAFFRINE','Diamagadio','Touba Nguett',462632,1527102),(286,2,'KAFFRINE','KAFFRINE','Diamagadio','Medinatou Salam I',449465,1527681),(287,2,'KAFFRINE','KAFFRINE','Diamagadio','Keur Ndiagane',446588,1529500),(288,2,'KAFFRINE','KAFFRINE','Diamagadio','Keur Malle',438906,1529791),(289,2,'KAFFRINE','KAFFRINE','Diamagadio','Bambaly',440156,1530351),(290,2,'KAFFRINE','KAFFRINE','Diamagadio','Ndiao Bambaly',440895,1531271),(291,2,'KAFFRINE','KAFFRINE','Diamagadio','Louba',442283,1531686),(292,2,'KAFFRINE','KAFFRINE','Diamagadio','Passy Ndialack',447320,1532042),(293,2,'KAFFRINE','KAFFRINE','Diamagadio','Keur Bathie',450773,1532276),(294,2,'KAFFRINE','KAFFRINE','Diamagadio','Dierry',464882,1532560),(295,2,'KAFFRINE','KAFFRINE','Diamagadio','Gouye Mady Barry',444883,1532742),(296,2,'KAFFRINE','KAFFRINE','Diamagadio','Kanouma Mboyene',460007,1532908),(297,2,'KAFFRINE','KAFFRINE','Diamagadio','Kaifara I',450402,1533401),(298,2,'KAFFRINE','KAFFRINE','Diamagadio','Ndankh',444286,1534778),(299,2,'KAFFRINE','KAFFRINE','Diamagadio','Meo Ndiawene',461527,1535157),(300,2,'KAFFRINE','KAFFRINE','Diamagadio','Dioly Mbaba',444970,1535427),(301,2,'KAFFRINE','KAFFRINE','Diamagadio','Dioly Keur Mor Khoudia',445473,1536541),(302,2,'KAFFRINE','KAFFRINE','Diamal','Keur Ibrahima Mbaye',415607,1554045),(303,2,'KAFFRINE','KAFFRINE','Diamal','Gama',429643,1556848),(304,2,'KAFFRINE','KAFFRINE','Diamal','Gainte Boye',411883,1558079),(305,2,'KAFFRINE','KAFFRINE','Diamal','Ngordjilene Mouride (I',429897,1559077),(306,2,'KAFFRINE','KAFFRINE','Diamal','Kebe Keur Lahine',433433,1559196),(307,2,'KAFFRINE','KAFFRINE','Diamal','Diamal',417064,1559429),(308,2,'KAFFRINE','KAFFRINE','Diamal','Ndangane',412093,1559621),(309,2,'KAFFRINE','KAFFRINE','Diamal','Kebe Thieyene',434785,1560267),(310,2,'KAFFRINE','KAFFRINE','Diamal','Birkelane',419543,1562167),(311,2,'KAFFRINE','KAFFRINE','Diamal','Mbande',425357,1562769),(312,2,'KAFFRINE','KAFFRINE','Diamal','Keur Ismaila',418345,1563118),(313,2,'KAFFRINE','KAFFRINE','Diamal','Lougol',422265,1564736),(314,3,'SEDHIOU','BOUNKILING','Diambati','Touba Foulbe',457833,1443235),(315,3,'SEDHIOU','BOUNKILING','Diambati','Manconiding',449375,1443443),(316,3,'SEDHIOU','BOUNKILING','Diambati','Bayamba',448428,1448973),(317,2,'KAFFRINE','MALEME HODAR','Dianke Souf','Ndodji',452659,1568522),(318,3,'SEDHIOU','SEDHIOU','Diannah Ba','Sinthiang Mamadou Konte',483607,1416592),(319,3,'SEDHIOU','SEDHIOU','Diannah Ba','Karcia',481618,1416877),(320,3,'SEDHIOU','SEDHIOU','Diannah Ba','Diannah Ba',475343,1418588),(321,3,'SEDHIOU','SEDHIOU','Diannah Ba','Sare Dansa',480349,1418707),(322,3,'SEDHIOU','SEDHIOU','Diannah Ba','Diannah Malary',472821,1420136),(323,3,'SEDHIOU','SEDHIOU','Diannah Ba','Sare Sarabouya',482707,1421504),(324,3,'SEDHIOU','SEDHIOU','Diannah Ba','Sare Yoro Sow',483062,1421613),(325,3,'SEDHIOU','SEDHIOU','Diannah Ba','Kerevane Pakao',471983,1421950),(326,3,'SEDHIOU','SEDHIOU','Diannah Ba','Sare Djimbi',478474,1422257),(327,3,'SEDHIOU','SEDHIOU','Diannah Ba','Sare Toumani Peulh',473248,1423788),(328,3,'SEDHIOU','SEDHIOU','Diannah Ba','Sare Toumani Manjaque',473056,1423977),(329,3,'SEDHIOU','BOUNKILING','Diaroume','Ndiama',435632,1429657),(330,3,'SEDHIOU','BOUNKILING','Diaroume','Tambana',438134,1430985),(331,3,'SEDHIOU','BOUNKILING','Diaroume','Koussaor',423784,1432417),(332,3,'SEDHIOU','BOUNKILING','Diaroume','Touba Diassor',436258,1436727),(333,3,'SEDHIOU','BOUNKILING','Diaroume','Nema Diassor',436627,1438517),(334,3,'ZIGUINCHOR','BIGNONA','Diegoune','Djimande',348467,1413721),(335,3,'ZIGUINCHOR','BIGNONA','Diegoune','Diegoune',351476,1419246),(336,3,'ZIGUINCHOR','BIGNONA','Diegoune','Kagnobon',345798,1419970),(337,3,'SEDHIOU','SEDHIOU','Diende','Badiandian Diola',436130,1404934),(338,3,'SEDHIOU','SEDHIOU','Diende','Bakoum Mancagne',438686,1406038),(339,3,'SEDHIOU','SEDHIOU','Diende','Bakoum Mandingue',438367,1406171),(340,3,'SEDHIOU','SEDHIOU','Diende','Kounayan Mancagne',437846,1409150),(341,3,'SEDHIOU','SEDHIOU','Diende','Kounayan Diola',438801,1409396),(342,3,'SEDHIOU','SEDHIOU','Diende','Bissari (Diounkoya)',433963,1409997),(343,3,'SEDHIOU','SEDHIOU','Diende','Kounayan Manding',439947,1411142),(344,3,'SEDHIOU','SEDHIOU','Diende','Diende',439073,1413602),(345,3,'SEDHIOU','SEDHIOU','Diende','Diatouma Mandingue',436688,1413735),(346,3,'SEDHIOU','SEDHIOU','Diende','Diatouma Refugie',435760,1415105),(347,3,'SEDHIOU','SEDHIOU','Diende','Mandina Findifeta',442315,1415662),(348,3,'SEDHIOU','SEDHIOU','Diende','Bloc Village',435573,1417448),(349,3,'SEDHIOU','SEDHIOU','Diende','Sitaba',443025,1418573),(350,3,'SEDHIOU','SEDHIOU','Diende','Ida',442027,1419148),(351,3,'SEDHIOU','SEDHIOU','Diende','Karantaba UC I et UC II',437764,1419464),(352,3,'SEDHIOU','SEDHIOU','Diende','Aynoussalam',438965,1419491),(353,3,'SEDHIOU','SEDHIOU','Diende','Tourecounda',441407,1420443),(354,3,'SEDHIOU','SEDHIOU','Diende','Salikegne',439400,1420826),(355,3,'SEDHIOU','SEDHIOU','Diende','Boussoura',435381,1404441),(356,3,'KOLDA','MEDINA YORO FOULA','Dinguiraye','Sangoule',545100,1461599),(357,3,'KOLDA','MEDINA YORO FOULA','Dinguiraye','Keur Babou Deme',547344,1463948),(358,3,'KOLDA','MEDINA YORO FOULA','Dinguiraye','Missira Thiarene',539783,1465020),(359,3,'KOLDA','MEDINA YORO FOULA','Dinguiraye','Thiamene',550922,1465259),(360,3,'KOLDA','MEDINA YORO FOULA','Dinguiraye','Sare Dicory II',542138,1467502),(361,3,'KOLDA','MEDINA YORO FOULA','Dinguiraye','Medina Pathe',549635,1469650),(362,3,'KOLDA','MEDINA YORO FOULA','Dinguiraye','Kanel',544630,1470546),(363,3,'KOLDA','MEDINA YORO FOULA','Dinguiraye','Dinguiraye',541272,1471117),(364,3,'KOLDA','MEDINA YORO FOULA','Dinguiraye','Abecouta',541896,1473042),(365,3,'KOLDA','MEDINA YORO FOULA','Dinguiraye','Sare Saradou',545421,1473280),(366,3,'KOLDA','MEDINA YORO FOULA','Dinguiraye','Hamdallaye Alpha',543353,1473810),(367,3,'SEDHIOU','GOUDOMP','Diouboudou','Malandiancounda',443716,1402232),(368,3,'KOLDA','KOLDA','Dioulacolon','Sare Gardy',508807,1410851),(369,3,'KOLDA','KOLDA','Dioulacolon','Guiro Yoro Mandou',515861,1411883),(370,3,'KOLDA','KOLDA','Dioulacolon','Sare Yero Sabaly',508017,1411917),(371,3,'KOLDA','KOLDA','Dioulacolon','Same',507623,1412224),(372,3,'KOLDA','KOLDA','Dioulacolon','Daibatou A Kossy',516997,1412596),(373,3,'KOLDA','KOLDA','Dioulacolon','Guiro Yero Alpha',515351,1412613),(374,3,'KOLDA','KOLDA','Dioulacolon','Sare Coly Mballo',516843,1412870),(375,3,'KOLDA','KOLDA','Dioulacolon','Guiro Yoro Salman',514748,1413099),(376,3,'KOLDA','KOLDA','Dioulacolon','Diassane Sare M. Mama',516653,1413178),(377,3,'KOLDA','KOLDA','Dioulacolon','Sare Pathe Kamako',507779,1413180),(378,3,'KOLDA','KOLDA','Dioulacolon','Sare Dembassy',515496,1413944),(379,3,'KOLDA','KOLDA','Dioulacolon','Sare Oumar',516368,1414061),(380,3,'KOLDA','KOLDA','Dioulacolon','Sare Samboudiang',506873,1414395),(381,3,'KOLDA','KOLDA','Dioulacolon','Dembel Woury',516229,1414872),(382,3,'KOLDA','KOLDA','Dioulacolon','Sare Diouba',516191,1415446),(383,3,'KOLDA','KOLDA','Dioulacolon','Bodeyel Abdoul',515766,1415926),(384,3,'KOLDA','KOLDA','Dioulacolon','Sare Yoro Bana',511512,1416537),(385,3,'KOLDA','KOLDA','Dioulacolon','Missira Bacodaye',514839,1416921),(386,3,'KOLDA','KOLDA','Dioulacolon','Diebang',508320,1417013),(387,3,'KOLDA','KOLDA','Dioulacolon','Dioulacolon',513716,1417465),(388,3,'KOLDA','KOLDA','Dioulacolon','Bantancountouyel',505525,1418009),(389,3,'KOLDA','KOLDA','Dioulacolon','Taminguel Fere',509403,1418338),(390,3,'KOLDA','KOLDA','Dioulacolon','Sare Domang',504472,1419377),(391,3,'KOLDA','KOLDA','Dioulacolon','Sam Pathe',512356,1425974),(392,3,'KOLDA','KOLDA','Dioulacolon','Dioufana',512783,1426388),(393,3,'KOLDA','KOLDA','Dioulacolon','Sibere Kande',508738,1426538),(394,3,'KOLDA','KOLDA','Dioulacolon','Sibere Koyo',509923,1427216),(395,3,'Kolda','Kolda','Dioulacolon','Sare Kolly Mballo',517097,1413140),(396,3,'Kolda','Kolda','Dioulacolon','Soutouyel',501835,1420363),(397,3,'Kolda','Kolda','Dioulacolon','Sare Doma',505084,1419021),(398,3,'ZIGUINCHOR','OUSSOUYE','Djembering','Ehidje',315310,1378030),(399,3,'ZIGUINCHOR','OUSSOUYE','Djembering','Windaye (Woudaye)',315793,1380332),(400,3,'ZIGUINCHOR','OUSSOUYE','Djembering','Karabane',314823,1388342),(401,3,'SEDHIOU','SEDHIOU','Djibabouya','Djibabouya',394642,1414650),(402,3,'SEDHIOU','SEDHIOU','Djibabouya','Manguir',394029,1416694),(403,3,'SEDHIOU','SEDHIOU','Djibabouya','Marsassoum Santo',397715,1418423),(404,3,'SEDHIOU','SEDHIOU','Djibabouya','Marakissa',396773,1422524),(405,3,'SEDHIOU','GOUDOMP','Djibanar','Bafata',409850,1377483),(406,3,'SEDHIOU','GOUDOMP','Djibanar','Djibanar',412334,1387014),(407,3,'SEDHIOU','GOUDOMP','Djibanar','Birkama II (Brama)',408607,1388349),(408,3,'SEDHIOU','GOUDOMP','Djibanar','Bakouding (Diattacound',407204,1388776),(409,3,'SEDHIOU','GOUDOMP','Djibanar','Birkama  I',408600,1389260),(410,3,'ZIGUINCHOR','BIGNONA','Djibidione','Brindiago',361405,1440967),(411,3,'ZIGUINCHOR','BIGNONA','Djibidione','Ngoniam',355604,1442873),(412,3,'ZIGUINCHOR','BIGNONA','Djibidione','Djibiam',361022,1444747),(413,3,'ZIGUINCHOR','BIGNONA','Djinaki','Badiana',343968,1427955),(414,3,'ZIGUINCHOR','BIGNONA','Djinaki','Diounoung',350768,1428500),(415,3,'ZIGUINCHOR','BIGNONA','Djinaki','Djinaki',341161,1431462),(416,3,'ZIGUINCHOR','BIGNONA','Djinaki','Karongue',334635,1434835),(417,3,'ZIGUINCHOR','BIGNONA','Djinaki','Djiroundie',356678,1439588),(418,3,'SEDHIOU','BOUNKILING','Djinani','Djinani',420813,1463191),(419,3,'SEDHIOU','SEDHIOU','Djiredji','Madina Aidara (Badoly)',401198,1394638),(420,3,'SEDHIOU','SEDHIOU','Djiredji','Thingtingkome Manjaque',414318,1394779),(421,3,'SEDHIOU','SEDHIOU','Djiredji','Sindina',409169,1395030),(422,3,'SEDHIOU','SEDHIOU','Djiredji','Djiredji',416219,1395092),(423,3,'SEDHIOU','SEDHIOU','Djiredji','Djiredji Soucoutoto',416455,1395235),(424,3,'SEDHIOU','SEDHIOU','Djiredji','Thingtingkome Diola',414638,1395308),(425,3,'SEDHIOU','SEDHIOU','Djiredji','Dakabantang',419629,1395364),(426,3,'SEDHIOU','SEDHIOU','Djiredji','Kinthinkourou',420439,1395459),(427,3,'SEDHIOU','SEDHIOU','Djiredji','Balmadou',406528,1395647),(428,3,'SEDHIOU','SEDHIOU','Djiredji','Manecounda',418868,1396127),(429,3,'SEDHIOU','SEDHIOU','Djiredji','Same',404507,1396169),(430,3,'SEDHIOU','SEDHIOU','Djiredji','Boumouda Soucoutoto',399306,1396197),(431,3,'SEDHIOU','SEDHIOU','Djiredji','Djiredji Soucouto Manjaque',418256,1396599),(432,3,'SEDHIOU','SEDHIOU','Djiredji','Kokoumba',408598,1397352),(433,3,'SEDHIOU','SEDHIOU','Djiredji','Boumouda Soucoto',399609,1397574),(434,3,'SEDHIOU','SEDHIOU','Djiredji','Woyoto',415191,1397772),(435,3,'SEDHIOU','SEDHIOU','Djiredji','Singhere Manding',401176,1401156),(436,3,'SEDHIOU','SEDHIOU','Djiredji','Diagnonding',401736,1403207),(437,3,'SEDHIOU','SEDHIOU','Djiredji','Madina El Hadji Souane',408193,1403761),(438,3,'SEDHIOU','SEDHIOU','Djiredji','Badjicounda Baynouck',405841,1403792),(439,3,'SEDHIOU','SEDHIOU','Djiredji','Touba Mandingue',410943,1404076),(440,3,'SEDHIOU','SEDHIOU','Djiredji','Madina Linketo',411343,1404551),(441,3,'SEDHIOU','SEDHIOU','Djiredji','Bona Linketo',411886,1404712),(442,3,'SEDHIOU','SEDHIOU','Djiredji','Missira Linketo',412962,1406376),(443,3,'SEDHIOU','SEDHIOU','Djiredji','Karantaba Linketo',412860,1407713),(444,3,'SEDHIOU','SEDHIOU','Djiredji','Taifa Linketo',413590,1409668),(445,3,'SEDHIOU','SEDHIOU','Djiredji','Temento',416428,1396525),(446,3,'SEDHIOU','SEDHIOU','Djiredji','Briou',408760,1397980),(447,3,'SEDHIOU','SEDHIOU','Djiredji','Badjicounda',414887,1403538),(448,1,'SAINT LOUIS','PODOR','Dodel','Dodele',561275,1822598),(449,1,'SAINT LOUIS','PODOR','Dodel','Thialaga',558243,1823697),(450,1,'SAINT LOUIS','PODOR','Dodel','Diomandou',560596,1825290),(451,1,'SAINT LOUIS','PODOR','Doumga Lao','Awgaly Croisement',572612,1796459),(452,1,'SAINT LOUIS','PODOR','Doumga Lao','Aere Lao',572766,1813296),(453,1,'SAINT LOUIS','PODOR','Doumga Lao','Vorde',577641,1816901),(454,1,'SAINT LOUIS','PODOR','Doumga Lao','Koylel',574040,1818209),(455,1,'SAINT LOUIS','PODOR','Doumga Lao','Aere Poste',571637,1819175),(456,3,'ZIGUINCHOR','ZIGUINCHOR','Enampor','Kamoubeul Manjack',344850,1381591),(457,3,'ZIGUINCHOR','ZIGUINCHOR','Enampor','Kamoubeul',343852,1382002),(458,3,'ZIGUINCHOR','ZIGUINCHOR','Enampor','Enampor',342217,1383347),(459,3,'ZIGUINCHOR','ZIGUINCHOR','Enampor','Badiate Sougher (Badia',344177,1384132),(460,3,'ZIGUINCHOR','ZIGUINCHOR','Enampor','Essyl',346459,1384188),(461,3,'ZIGUINCHOR','ZIGUINCHOR','Enampor','Badiatte Grand',349023,1384220),(462,3,'ZIGUINCHOR','ZIGUINCHOR','Enampor','Seleky Diouloughene',340570,1385055),(463,3,'ZIGUINCHOR','ZIGUINCHOR','Enampor','Seleky Diouloulou',340380,1385358),(464,3,'ZIGUINCHOR','ZIGUINCHOR','Enampor','Seleky Bakene Eboha',340380,1385358),(465,3,'ZIGUINCHOR','ZIGUINCHOR','Enampor','Seleky Bakene Kahindoa',340722,1385472),(466,3,'ZIGUINCHOR','ZIGUINCHOR','Enampor','Brin Djeguele',352098,1385618),(467,3,'ZIGUINCHOR','ZIGUINCHOR','Enampor','Djibonker Djibonher',355348,1385753),(468,3,'ZIGUINCHOR','ZIGUINCHOR','Enampor','Seleky Bahimbane',340494,1385775),(469,3,'ZIGUINCHOR','ZIGUINCHOR','Enampor','Brin Eboune',352574,1385874),(470,3,'ZIGUINCHOR','ZIGUINCHOR','Enampor','Brin Djirere',351875,1386026),(471,3,'ZIGUINCHOR','ZIGUINCHOR','Enampor','Brin Kaboyel',352650,1386205),(472,3,'ZIGUINCHOR','ZIGUINCHOR','Enampor','Etama',339368,1387819),(473,3,'ZIGUINCHOR','ZIGUINCHOR','Enampor','Bandial',339125,1390813),(474,3,'KOLDA','MEDINA YORO FOULA','Fafacourou','Fafacourou',547885,1443806),(475,3,'KOLDA','MEDINA YORO FOULA','Fafacourou','Sare Talla',554779,1446639),(476,3,'KOLDA','MEDINA YORO FOULA','Fafacourou','Sinthiang Korop',557599,1448762),(477,1,'SAINT LOUIS','PODOR','Fanaye','Soussane',472655,1810190),(478,1,'SAINT LOUIS','PODOR','Fanaye','Dially',472575,1815563),(479,1,'SAINT LOUIS','PODOR','Fanaye','Belel Bogal',469036,1815846),(480,1,'SAINT LOUIS','PODOR','Fanaye','Medina Cherif',470131,1825580),(481,1,'SAINT LOUIS','PODOR','Fanaye','Fanaye Diery',475852,1827101),(482,1,'SAINT LOUIS','PODOR','Fanaye','Fanaye Waalo',476215,1828487),(483,1,'SAINT LOUIS','PODOR','Fanaye','Niakhou War',474384,1827441),(484,1,'SAINT LOUIS','PODOR','Fanaye','Salde Fanaye',471096,1827512),(485,1,'SAINT LOUIS','PODOR','Fanaye','Wouro aly Camara',470451,1827360),(486,1,'SAINT LOUIS','PODOR','Fanaye','Wouro Alseyni',470527,1828157),(487,1,'SAINT LOUIS','PODOR','Fanaye','Degembere',472311,1830625),(488,1,'SAINT LOUIS','PODOR','Fanaye','Kahy',470754,1831612),(489,1,'SAINT LOUIS','PODOR','Fanaye','Medina Abdou',467224,1826829),(490,3,'SEDHIOU','BOUNKILING','Faoune','Karantaba',445189,1442926),(491,3,'SEDHIOU','BOUNKILING','Faoune','Boussinki',437548,1446794),(492,2,'KAOLACK','NIORO DU RIP','Gainte Kaye','Santhie Missirah',394525,1521382),(493,2,'KAOLACK','NIORO DU RIP','Gainte Kaye','Missirah Albade',392146,1522247),(494,2,'KAOLACK','NIORO DU RIP','Gainte Kaye','Thiariak',394481,1522726),(495,2,'KAOLACK','NIORO DU RIP','Gainte Kaye','Keur Dessadio',394444,1523732),(496,2,'KAOLACK','NIORO DU RIP','Gainte Kaye','Santhie Amath Fall',392654,1524465),(497,2,'KAOLACK','NIORO DU RIP','Gainte Kaye','Ndiawara Al Kaly',390252,1524475),(498,2,'KAOLACK','NIORO DU RIP','Gainte Kaye','Daga Bany',388459,1526326),(499,2,'KAOLACK','NIORO DU RIP','Gainte Kaye','Thioubene',394435,1527191),(500,2,'KAOLACK','NIORO DU RIP','Gainte Kaye','Touba Fall',398522,1527513),(501,2,'KAOLACK','NIORO DU RIP','Gainte Kaye','Ndiayene Santhie',392300,1528675),(502,2,'KAOLACK','NIORO DU RIP','Gainte Kaye','Kouare Baba',399725,1528773),(503,2,'KAOLACK','NIORO DU RIP','Gainte Kaye','Nianta',387429,1529123),(504,2,'KAOLACK','NIORO DU RIP','Gainte Kaye','Same Oualo',395680,1529982),(505,2,'KAOLACK','NIORO DU RIP','Gainte Kaye','Gainthe Kaye',396703,1530084),(506,2,'KAOLACK','NIORO DU RIP','Gainte Kaye','Thiarene Keur Sacoumba',400635,1530116),(507,2,'KAOLACK','NIORO DU RIP','Gainte Kaye','Hanene',400187,1530886),(508,2,'KAOLACK','NIORO DU RIP','Gainte Kaye','Taiba Ndioufene',390987,1530964),(509,2,'KAOLACK','NIORO DU RIP','Gainte Kaye','Santhie Georges',392411,1531157),(510,2,'KAOLACK','NIORO DU RIP','Gainte Kaye','Touba Niane',388362,1531175),(511,2,'KAOLACK','NIORO DU RIP','Gainte Kaye','Keur Birane Diaw',387027,1531455),(512,2,'KAOLACK','NIORO DU RIP','Gainte Kaye','Kebe Oualo',389641,1531660),(513,2,'KAOLACK','NIORO DU RIP','Gainte Kaye','Keur Mamour Ndoumbe',394706,1531730),(514,2,'KAOLACK','NIORO DU RIP','Gainte Kaye','Faourou Peulh',400643,1532113),(515,2,'KAOLACK','NIORO DU RIP','Gainte Kaye','Medina Diankou',396742,1532897),(516,2,'KAOLACK','NIORO DU RIP','Gainte Kaye','Niappa Balla',392420,1533238),(517,2,'KAOLACK','NIORO DU RIP','Gainte Kaye','Santhie Bidji Diallo',399715,1533319),(518,2,'KAOLACK','NIORO DU RIP','Gainte Kaye','Keur Birane Dieng',397949,1534274),(519,2,'KAOLACK','NIORO DU RIP','Gainte Kaye','Keur Yoya',399035,1534426),(520,2,'KAOLACK','NIORO DU RIP','Gainte Kaye','Niappa Ndiagne',391504,1534810),(521,1,'SAINT LOUIS','PODOR','Guede Village','Decolle Taredji',514451,1826441),(522,1,'SAINT LOUIS','PODOR','Guede Village','Guede Village',521219,1828623),(523,1,'SAINT LOUIS','PODOR','Guede Village','Guede Chantier',526230,1829323),(524,1,'SAINT LOUIS','PODOR','Guede Village','Ndiawara',515898,1833799),(525,1,'SAINT LOUIS','PODOR','Guede Village','Guia',507990,1835268),(526,1,'SAINT LOUIS','PODOR','Guede Village','Donaye',514267,1839654),(527,1,'SAINT LOUIS','PODOR','Guede Village','Ngaoule',500576,1842222),(528,1,'SAINT LOUIS','PODOR','Guede Village','Donaye Taredji',515147,1826959),(529,3,'KOLDA','KOLDA','Guiro Yero Bocar','Salikegne Peulh',528230,1402927),(530,3,'KOLDA','KOLDA','Guiro Yero Bocar','Medina Amath Tidiane',518089,1403254),(531,3,'KOLDA','KOLDA','Guiro Yero Bocar','Mballocounda',533537,1403416),(532,3,'KOLDA','KOLDA','Guiro Yero Bocar','Koyada',523992,1404222),(533,3,'KOLDA','KOLDA','Guiro Yero Bocar','Salikegne Mandingue',528529,1404398),(534,3,'KOLDA','KOLDA','Guiro Yero Bocar','Kamboua',525629,1404540),(535,3,'KOLDA','KOLDA','Guiro Yero Bocar','Sare Kontaye',533961,1405236),(536,3,'KOLDA','KOLDA','Guiro Yero Bocar','Guiro Yoro Bocar',517637,1411859),(537,3,'Kolda','Kolda','Guiro Yero Bocar','Medina Tening',522997,1404562),(538,3,'Kolda','Kolda','Guiro Yero Bocar','Medina Amadou Tidiane',522645,1404263),(539,3,'Kolda','Kolda','Guiro Yero Bocar','Salikegne',528000,1403602),(540,3,'SEDHIOU','BOUNKILING','Inor','Baya',416099,1434205),(541,3,'SEDHIOU','BOUNKILING','Inor','Mayor',419464,1436002),(542,3,'SEDHIOU','BOUNKILING','Inor','Bassada',416714,1436073),(543,3,'SEDHIOU','BOUNKILING','Inor','Bounkiling',424361,1441332),(544,3,'ZIGUINCHOR','BIGNONA','Kafountine','Francounda Ba┬┤nounck',309926,1404830),(545,2,'KAFFRINE','MALEME HODAR','Kahi','Ngodiba',445086,1554440),(546,2,'KAFFRINE','MALEME HODAR','Kahi','Lougue Bambara',441559,1556659),(547,2,'KAFFRINE','MALEME HODAR','Kahi','Lougue Ouolof',442117,1556667),(548,2,'KAFFRINE','MALEME HODAR','Kahi','Darou Minam I',451558,1556859),(549,2,'KAFFRINE','MALEME HODAR','Kahi','Ndjigui',438934,1557674),(550,2,'KAFFRINE','MALEME HODAR','Kahi','Pete',451123,1558387),(551,2,'KAFFRINE','MALEME HODAR','Kahi','Six Kilo',447227,1559163),(552,2,'KAFFRINE','MALEME HODAR','Kahi','Touba Keur Cheikh',453259,1560698),(553,2,'KAFFRINE','MALEME HODAR','Kahi','Nianghene Ouolof',453098,1561191),(554,2,'KAFFRINE','MALEME HODAR','Kahi','Toune Mosquee',437460,1561409),(555,2,'KAFFRINE','MALEME HODAR','Kahi','Kahi',440286,1562410),(556,2,'KAFFRINE','MALEME HODAR','Kahi','Haffe Mouride',435278,1562958),(557,2,'KAFFRINE','MALEME HODAR','Kahi','Haffe Tidiane',436284,1563483),(558,2,'KAFFRINE','MALEME HODAR','Kahi','Djidah Ii',454210,1563614),(559,2,'KAFFRINE','MALEME HODAR','Kahi','Darou Kahi',441543,1565165),(560,2,'KAFFRINE','MALEME HODAR','Kahi','Diamaguene',455186,1566441),(561,2,'KAFFRINE','MALEME HODAR','Kahi','Sorokogne',445964,1566527),(562,2,'KAFFRINE','MALEME HODAR','Kahi','Diagle',450435,1566805),(563,3,'KOLDA','VELINGARA','Kandia','Dialakegny',587938,1440061),(564,3,'KOLDA','VELINGARA','Kandia','Pithiana',584674,1440532),(565,3,'KOLDA','VELINGARA','Kandia','Madina Samba Diallo',578467,1441872),(566,3,'KOLDA','VELINGARA','Kandia','Banacourou Samba',581602,1442417),(567,3,'KOLDA','VELINGARA','Kandia','Voloto',584667,1443201),(568,3,'KOLDA','VELINGARA','Kandia','Darou',589226,1444744),(569,3,'KOLDA','VELINGARA','Kandia','Sare Bassy',589292,1445200),(570,3,'KOLDA','VELINGARA','Kandia','Sare Guiroyoba',582856,1445476),(571,3,'KOLDA','VELINGARA','Kandia','Bassy Lamine (Sare Thierno)',586594,1445680),(572,3,'KOLDA','VELINGARA','Kandia','Mountoumba',587453,1445870),(573,3,'KOLDA','VELINGARA','Kandia','Sare Boulel',579716,1446431),(574,3,'KOLDA','VELINGARA','Kandia','Sourouyel Moulaye',581555,1446509),(575,3,'KOLDA','VELINGARA','Kandia','Kandia',583872,1446667),(576,3,'KOLDA','VELINGARA','Kandia','Sare Fily',584027,1447870),(577,3,'KOLDA','VELINGARA','Kandia','Sare Yero Meta',578198,1449006),(578,3,'KOLDA','VELINGARA','Kandia','Sare Demba Mali',582801,1449495),(579,3,'KOLDA','VELINGARA','Kandia','Madina Adja',585917,1449500),(580,3,'KOLDA','VELINGARA','Kandia','Kedougou Dickory',590030,1450025),(581,3,'KOLDA','VELINGARA','Kandia','Sare Samba Netty',591546,1450038),(582,3,'KOLDA','VELINGARA','Kandia','Sare Niani',591063,1451143),(583,3,'KOLDA','VELINGARA','Kandia','Kayel Bessel',593540,1451244),(584,3,'KOLDA','VELINGARA','Kandia','Tabadian Samba',583137,1451638),(585,3,'KOLDA','VELINGARA','Kandia','Bantanto Samounde',586799,1452257),(586,3,'KOLDA','VELINGARA','Kandia','Sare Coly',583534,1454416),(587,3,'KOLDA','VELINGARA','Kandia','Medina Mary Cisse',576594,1456967),(588,3,'KOLDA','VELINGARA','Kandia','Dialaka',587109,1457483),(589,3,'KOLDA','VELINGARA','Kandia','Doubirou',584142,1458071),(590,3,'KOLDA','VELINGARA','Kandia','Lambatara',578981,1459809),(591,3,'KOLDA','VELINGARA','Kandia','Djida Maoudou',580936,1459952),(592,3,'Kolda','v├®lingara','Kandia','Djida',584292,1446866),(593,3,'Kolda','v├®lingara','Kandia','Sare Thierno Bassi',584404,1446990),(594,3,'Kolda','v├®lingara','Kandia','Darou',583798,1447111),(595,3,'Kolda','v├®lingara','Kandia','Sare Adja',583787,1447039),(596,3,'KOLDA','VELINGARA','Kandiaye','Kabendou',596182,1428282),(597,3,'KOLDA','VELINGARA','Kandiaye','Kounkane',600179,1429855),(598,3,'KOLDA','VELINGARA','Kandiaye','Sare Meta (Horeteindie',607371,1431536),(599,3,'KOLDA','VELINGARA','Kandiaye','Kandiaye',605198,1433280),(600,3,'KOLDA','VELINGARA','Kandiaye','Sare Madia',612065,1434402),(601,3,'KOLDA','VELINGARA','Kandiaye','Mandougou Fode',616364,1438716),(602,3,'SEDHIOU','BOUNKILING','Kandion Mangana','Kandion Mangana',414895,1458286),(603,3,'SEDHIOU','GOUDOMP','Kaour','Kaour Mancagne',400947,1389046),(604,3,'SEDHIOU','GOUDOMP','Kaour','Kaour',401250,1389385),(605,3,'SEDHIOU','GOUDOMP','Kaour','Goudomp',404949,1390017),(606,3,'SEDHIOU','GOUDOMP','Karantaba','Sandiniery',442290,1407472),(607,3,'SEDHIOU','GOUDOMP','Karantaba','Mancononding',443221,1410038),(608,3,'SEDHIOU','GOUDOMP','Karantaba','Karantaba',448867,1412475),(609,3,'SEDHIOU','GOUDOMP','Karantaba','Bambadion',445288,1413267),(610,3,'SEDHIOU','GOUDOMP','Karantaba','Djidinky Manjacque',452513,1414778),(611,3,'SEDHIOU','GOUDOMP','Karantaba','Kouboni',459194,1414977),(612,3,'SEDHIOU','GOUDOMP','Karantaba','Diaring',460496,1416346),(613,3,'SEDHIOU','GOUDOMP','Karantaba','Djindiki Mandingue',453888,1416569),(614,3,'ZIGUINCHOR','BIGNONA','Kartiack','Thiobon',331753,1421497),(615,3,'ZIGUINCHOR','BIGNONA','Kartiack','Dianki',340243,1422106),(616,3,'ZIGUINCHOR','BIGNONA','Kartiack','Kartiack',337228,1422185),(617,3,'ZIGUINCHOR','BIGNONA','Kataba 1','Bandjikack',316754,1440150),(618,3,'ZIGUINCHOR','BIGNONA','Kataba 1','Kataba I',329322,1440205),(619,3,'ZIGUINCHOR','BIGNONA','Kataba 1','Birkamanding',323623,1441534),(620,3,'ZIGUINCHOR','BIGNONA','Kataba 1','Koudioube',319891,1448864),(621,3,'ZIGUINCHOR','BIGNONA','Kataba 1','Mahamouda Diola',317196,1449311),(622,3,'ZIGUINCHOR','BIGNONA','Kataba 1','Tobor',320470,1448004),(623,2,'KAFFRINE','KAFFRINE','Kathiotte','Tawa',453886,1537493),(624,2,'KAFFRINE','KAFFRINE','Kathiotte','Thiamene',457244,1541790),(625,2,'KAFFRINE','KAFFRINE','Kathiotte','Kathiotte',455956,1541810),(626,2,'KAFFRINE','KAFFRINE','Kathiotte','Keur Malick Ndiaye',458675,1544414),(627,2,'KAFFRINE','KAFFRINE','Kathiotte','Boffi',451931,1546146),(628,2,'KAFFRINE','KAFFRINE','Kathiotte','Ndioudiene',448303,1546582),(629,2,'KAFFRINE','KAFFRINE','Kathiotte','Touba Mouride II',454822,1550216),(630,2,'KAFFRINE','KAFFRINE','Kathiotte','Mbelbouck',457293,1551321),(631,2,'KAFFRINE','KAFFRINE','Kathiotte','Touba Mouride I',454410,1551469),(632,2,'KAFFRINE','KAFFRINE','Kathiotte','Ngatou Farba',446013,1552254),(633,2,'KAFFRINE','KAFFRINE','Kathiotte','Barone',449753,1552320),(634,2,'KAFFRINE','KAFFRINE','Kathiotte','Dagaye Gouye',452912,1552854),(635,2,'KAOLACK','NIORO DU RIP','Kayemor','Couloumboudou',433618,1514497),(636,2,'KAOLACK','NIORO DU RIP','Kayemor','Keur Bakary',440382,1516938),(637,2,'KAOLACK','NIORO DU RIP','Kayemor','Santhie Passy',437230,1517868),(638,2,'KAOLACK','NIORO DU RIP','Kayemor','Santhiou Kohel',431018,1518496),(639,2,'KAOLACK','NIORO DU RIP','Kayemor','Ndiaguene',442275,1519060),(640,2,'KAOLACK','NIORO DU RIP','Kayemor','Colomba Toucouleur',431830,1520031),(641,2,'KAOLACK','NIORO DU RIP','Kayemor','Sotokoye',432935,1520266),(642,2,'KAOLACK','NIORO DU RIP','Kayemor','Tene Peulh',437838,1520784),(643,2,'KAOLACK','NIORO DU RIP','Kayemor','Keur Samba Die',434865,1520877),(644,2,'KAOLACK','NIORO DU RIP','Kayemor','Passy Kayemor',435690,1520942),(645,2,'KAOLACK','NIORO DU RIP','Kayemor','Kayemor',436559,1521931),(646,2,'KAOLACK','NIORO DU RIP','Kayemor','Keur Samba Diama',443457,1522044),(647,2,'KAOLACK','NIORO DU RIP','Kayemor','Dialacounda',433400,1522109),(648,2,'KAOLACK','NIORO DU RIP','Kayemor','Sonkorong',441601,1524616),(649,2,'KAOLACK','NIORO DU RIP','Kayemor','Darou Khoudoss',447384,1525040),(650,2,'KAOLACK','NIORO DU RIP','Kayemor','Padaf',436044,1525312),(651,2,'KAOLACK','NIORO DU RIP','Kayemor','Ndimb Birane',436353,1527393),(652,3,'Kolda','MYF','Kerewane','Sinthiou Cheikh',503111,1486090),(653,2,'KAOLACK','KAOLACK','Keur Baka','Medina Ndawene',406667,1536734),(654,2,'KAOLACK','KAOLACK','Keur Baka','Keur Gallo',398194,1537313),(655,2,'KAOLACK','KAOLACK','Keur Baka','Keur Abdou Diango',405454,1538141),(656,2,'KAOLACK','KAOLACK','Keur Baka','Tanda Mboudaye',394665,1538506),(657,2,'KAOLACK','KAOLACK','Keur Baka','Ndoffane',399743,1538843),(658,2,'KAOLACK','KAOLACK','Keur Baka','Goback',404965,1540756),(659,2,'KAOLACK','KAOLACK','Keur Baka','Keur Thiandery',406674,1542127),(660,2,'KAOLACK','KAOLACK','Keur Baka','Keur Kabe',403682,1542240),(661,2,'KAOLACK','KAOLACK','Keur Baka','Darou Marnane',405500,1543203),(662,2,'KAOLACK','KAOLACK','Keur Baka','Selick',401108,1544578),(663,2,'KAOLACK','KAOLACK','Keur Baka','Thiamene Samba Ramat',389604,1545028),(664,2,'KAOLACK','KAOLACK','Keur Baka','Ndobene',405747,1545071),(665,2,'KAOLACK','KAOLACK','Keur Baka','Sikatroum',392796,1546316),(666,2,'KAOLACK','NIORO DU RIP','Keur Maba Diakhou','Naoulerou',399292,1503494),(667,2,'KAOLACK','NIORO DU RIP','Keur Maba Diakhou','Nianghene',397272,1503637),(668,2,'KAOLACK','NIORO DU RIP','Keur Maba Diakhou','Mbouledji',403188,1504042),(669,2,'KAOLACK','NIORO DU RIP','Keur Maba Diakhou','Ngueyene Mamady',391971,1504191),(670,2,'KAOLACK','NIORO DU RIP','Keur Maba Diakhou','Ndrame Ndimb',395907,1504242),(671,2,'KAOLACK','NIORO DU RIP','Keur Maba Diakhou','Thilla Garang',399821,1505629),(672,2,'KAOLACK','NIORO DU RIP','Keur Maba Diakhou','Ngayene Sine',397137,1506320),(673,2,'KAOLACK','NIORO DU RIP','Keur Maba Diakhou','Thiambene',393633,1506334),(674,2,'KAOLACK','NIORO DU RIP','Keur Maba Diakhou','Keur Samba Yacine',401831,1506524),(675,2,'KAOLACK','NIORO DU RIP','Keur Maba Diakhou','Samboumba',386874,1507021),(676,2,'KAOLACK','NIORO DU RIP','Keur Maba Diakhou','Keur Galdery',398445,1507544),(677,2,'KAOLACK','NIORO DU RIP','Keur Maba Diakhou','Keur Sarokhy',387333,1507554),(678,2,'KAOLACK','NIORO DU RIP','Keur Maba Diakhou','Velingara',390784,1507882),(679,2,'KAOLACK','NIORO DU RIP','Keur Maba Diakhou','Keur Gory',399474,1508987),(680,2,'KAOLACK','NIORO DU RIP','Keur Maba Diakhou','Keur Amath Seydou',390048,1509261),(681,2,'KAOLACK','NIORO DU RIP','Keur Maba Diakhou','Keur Maba Diakhou',394916,1509269),(682,2,'KAOLACK','NIORO DU RIP','Keur Maba Diakhou','Thilla Ndiaye',398355,1509838),(683,2,'KAOLACK','NIORO DU RIP','Keur Maba Diakhou','Santhie Makha',389755,1510195),(684,2,'KAOLACK','NIORO DU RIP','Keur Maba Diakhou','Pane Abdoulaye Diop',398158,1511367),(685,2,'KAOLACK','NIORO DU RIP','Keur Maba Diakhou','Keur Massar Ba',403268,1511520),(686,2,'KAOLACK','NIORO DU RIP','Keur Maba Diakhou','Ndiagne Walo',392756,1512483),(687,2,'KAOLACK','NIORO DU RIP','Keur Maba Diakhou','Fass Keur Serigne Mbay',396783,1512681),(688,2,'KAOLACK','NIORO DU RIP','Keur Maba Diakhou','Ndiobene Walo',398164,1512768),(689,2,'KAOLACK','NIORO DU RIP','Keur Maba Diakhou','Keur Yery',397264,1512771),(690,2,'KAOLACK','NIORO DU RIP','Keur Maba Diakhou','Keur Thierno Dieye',392907,1512789),(691,2,'KAOLACK','NIORO DU RIP','Keur Maba Diakhou','Niassene',400872,1513680),(692,2,'KAOLACK','NIORO DU RIP','Keur Maba Diakhou','Ndame Lo',390511,1514171),(693,2,'KAOLACK','NIORO DU RIP','Keur Maba Diakhou','Ndemenel',394081,1514210),(694,2,'KAOLACK','NIORO DU RIP','Keur Maba Diakhou','Keur Malick Ramata',391263,1514793),(695,2,'KAOLACK','NIORO DU RIP','Keur Maba Diakhou','Keur Gueladio',393970,1515549),(696,2,'KAOLACK','NIORO DU RIP','Keur Maba Diakhou','Santhie Mbayene',392774,1517090),(697,2,'KAOLACK','NIORO DU RIP','Keur Maba Diakhou','Loumene Ousmane',395167,1517099),(698,2,'KAOLACK','NIORO DU RIP','Keur Maba Diakhou','Thiarene Matar',395248,1517271),(699,2,'KAOLACK','NIORO DU RIP','Keur Maba Diakhou','Keur Massamba Codou',392032,1518684),(700,2,'KAOLACK','NIORO DU RIP','Keur Maba Diakhou','Goria',394053,1519119),(701,2,'KAOLACK','NIORO DU RIP','Keur Maba Diakhou','Ndiawene',397454,1519479),(702,2,'KAOLACK','NIORO DU RIP','Keur Maba Diakhou','Ndawene',396616,1519837),(703,2,'KAOLACK','NIORO DU RIP','Keur Madongo','Thiamene Ousmane',379646,1525981),(704,2,'KAOLACK','NIORO DU RIP','Keur Madongo','Keur Malo',385390,1526737),(705,2,'KAOLACK','NIORO DU RIP','Keur Madongo','Keur Maniebe',384659,1527022),(706,2,'KAOLACK','NIORO DU RIP','Keur Madongo','Ndeme',380652,1527417),(707,2,'KAOLACK','NIORO DU RIP','Keur Madongo','Missirah Dine',385333,1527418),(708,2,'KAOLACK','NIORO DU RIP','Keur Madongo','Ndiougouty Serigne',378405,1527600),(709,2,'KAOLACK','NIORO DU RIP','Keur Madongo','Ndiougouty Malick',380508,1527897),(710,2,'KAOLACK','NIORO DU RIP','Keur Madongo','Coudame',382311,1528196),(711,2,'KAOLACK','NIORO DU RIP','Keur Madongo','Keur Abdou Diafe Ouolo',378112,1529138),(712,2,'KAOLACK','NIORO DU RIP','Keur Madongo','Taiba Mbayene',379043,1530262),(713,2,'KAOLACK','NIORO DU RIP','Keur Madongo','Keur Madiabel',385584,1530798),(714,2,'KAOLACK','NIORO DU RIP','Keur Madongo','Keur Mandongo (Kanteye',380667,1531151),(715,2,'KAOLACK','NIORO DU RIP','Keur Madongo','Diago II',381129,1532195),(716,2,'KAOLACK','NIORO DU RIP','Keur Madongo','Ndienghene Ibra',385487,1533001),(717,2,'KAFFRINE','KAFFRINE','Keur Mboucki','Thikate Ouolof',409581,1556296),(718,2,'KAFFRINE','KAFFRINE','Keur Mboucki','Navel',420764,1560796),(719,2,'KAFFRINE','KAFFRINE','Keur Mboucki','Nguer Mabadiane',412755,1562791),(720,2,'KAFFRINE','KAFFRINE','Keur Mboucki','Keur Mboucky',410487,1563042),(721,2,'KAFFRINE','KAFFRINE','Keur Mboucki','Keur El Hadji Malick',409161,1564032),(722,2,'KAFFRINE','KAFFRINE','Keur Mboucki','Ngongane',408678,1564446),(723,2,'KAFFRINE','KAFFRINE','Keur Mboucki','Mbouloum',414344,1564713),(724,2,'KAFFRINE','KAFFRINE','Keur Mboucki','Ndiayene Waly',409528,1565407),(725,2,'KAFFRINE','KAFFRINE','Keur Mboucki','Thidy Dieye',410231,1567207),(726,2,'KAFFRINE','KAFFRINE','Keur Mboucki','Ngambou',411535,1569503),(727,2,'FATICK','FOUNDIOUGNE','Keur Saloum Diane','Coular Soce',373097,1513681),(728,2,'FATICK','FOUNDIOUGNE','Keur Saloum Diane','Bambadalla Thiakho',359422,1515406),(729,2,'FATICK','FOUNDIOUGNE','Keur Saloum Diane','Keur Thierno Ngalane',364849,1516162),(730,2,'FATICK','FOUNDIOUGNE','Keur Saloum Diane','Coular Sarakhole',373500,1517828),(731,2,'FATICK','FOUNDIOUGNE','Keur Saloum Diane','Keur Andallah Vilane',363189,1517844),(732,2,'FATICK','FOUNDIOUGNE','Keur Saloum Diane','Ndiayene Keur Momath T',359530,1517899),(733,2,'FATICK','FOUNDIOUGNE','Keur Saloum Diane','Keur Lahine Sokhna',367958,1517945),(734,2,'FATICK','FOUNDIOUGNE','Keur Saloum Diane','Keur Boye',373364,1518261),(735,2,'FATICK','FOUNDIOUGNE','Keur Saloum Diane','Keur Babou Coumba',358516,1518457),(736,2,'FATICK','FOUNDIOUGNE','Keur Saloum Diane','Keur El Hadji Macoumba',365397,1518786),(737,2,'FATICK','FOUNDIOUGNE','Keur Saloum Diane','Keur Baka Diaw',359948,1519088),(738,2,'FATICK','FOUNDIOUGNE','Keur Saloum Diane','Ndiaye Counda',373315,1519418),(739,2,'FATICK','FOUNDIOUGNE','Keur Saloum Diane','Keur Maniane',367136,1520198),(740,2,'FATICK','FOUNDIOUGNE','Keur Saloum Diane','Keur Serigne Bamba',360444,1520243),(741,2,'FATICK','FOUNDIOUGNE','Keur Saloum Diane','Keur Saloum Diane',362836,1520618),(742,2,'FATICK','FOUNDIOUGNE','Keur Saloum Diane','Ndiayene Fode',362912,1521993),(743,2,'FATICK','FOUNDIOUGNE','Keur Saloum Diane','Keur Momath Diaw',359045,1522306),(744,2,'FATICK','FOUNDIOUGNE','Keur Saloum Diane','Keur Serigne Korka',360949,1522652),(745,2,'FATICK','FOUNDIOUGNE','Keur Saloum Diane','Ndiaye Ndiaye',364219,1523918),(746,2,'FATICK','FOUNDIOUGNE','Keur Saloum Diane','Keur Babou Ndity',361775,1529265),(747,2,'FATICK','FOUNDIOUGNE','Keur Saloum Diane','Bawou',359934,1524377),(748,2,'FATICK','FOUNDIOUGNE','Keur Saloum Diane','Thiarene Babou',362786,1528751),(749,2,'Fatick','Foundiougne','Keur Saloum Diane','Santhie Bodian',373272,1513736),(750,2,'Fatick','Foundiougne','Keur Saloum Dian├®','Keur Mody Salla',362354,1531049),(751,2,'FATICK','FOUNDIOUGNE','Keur Samba Gueye','Keur Alassane Diallo',361110,1503590),(752,2,'FATICK','FOUNDIOUGNE','Keur Samba Gueye','Keur Sette Coumba',350000,1504000),(753,2,'FATICK','FOUNDIOUGNE','Keur Samba Gueye','Fass Thiekene',363749,1504322),(754,2,'FATICK','FOUNDIOUGNE','Keur Samba Gueye','Karang Poste',345700,1504357),(755,2,'FATICK','FOUNDIOUGNE','Keur Samba Gueye','Samba Kalla',353744,1505291),(756,2,'FATICK','FOUNDIOUGNE','Keur Samba Gueye','Keur Moussa Seni',353648,1506073),(757,2,'FATICK','FOUNDIOUGNE','Keur Samba Gueye','Keur Aly Gueye',353216,1507297),(758,2,'FATICK','FOUNDIOUGNE','Keur Samba Gueye','Ndiangane Keur Gadji',358021,1508760),(759,2,'FATICK','FOUNDIOUGNE','Keur Samba Gueye','Keur Samba Gueye',352778,1509451),(760,2,'FATICK','FOUNDIOUGNE','Keur Samba Gueye','Mahmouda',350525,1509463),(761,2,'FATICK','FOUNDIOUGNE','Keur Samba Gueye','Keur Ayip Ka',354512,1511019),(762,2,'FATICK','FOUNDIOUGNE','Keur Samba Gueye','Medina Ngayene',360293,1509871),(763,2,'FATICK','FOUNDIOUGNE','Keur Samba Gueye','Djida',352188,1511450),(764,2,'FATICK','FOUNDIOUGNE','Keur Samba Gueye','Keur Saloly Bouya',350934,1512063),(765,2,'FATICK','FOUNDIOUGNE','Keur Samba Gueye','Keur Hambou',355393,1512706),(766,2,'FATICK','FOUNDIOUGNE','Keur Samba Gueye','Keur Bakary Camara',350480,1504880),(767,2,'FATICK','FOUNDIOUGNE','Keur Samba Gueye','Ndiob Keur Omar Sarr',350245,1513152),(768,2,'FATICK','FOUNDIOUGNE','Keur Samba Gueye','Thioyene Niombato',356791,1513548),(769,2,'FATICK','FOUNDIOUGNE','Keur Samba Gueye','Keur Serigne Die',355809,1514043),(770,2,'FATICK','FOUNDIOUGNE','Keur Samba Gueye','Daga Ndoup',354223,1514260),(771,2,'FATICK','FOUNDIOUGNE','Keur Samba Gueye','Passy Ndinderling',349051,1514451),(772,2,'FATICK','FOUNDIOUGNE','Keur Samba Gueye','Sirmang',348601,1514698),(773,2,'FATICK','FOUNDIOUGNE','Keur Samba Gueye','Keur Ndianko',351034,1515471),(774,2,'FATICK','FOUNDIOUGNE','Keur Samba Gueye','Keur Aliou Diop',352714,1515484),(775,2,'FATICK','FOUNDIOUGNE','Keur Samba Gueye','Keur Thiendou',352945,1517295),(776,2,'Fatick','Foundiougne','Keur Samba Gueye','Simong',362522,1509568),(777,3,'SEDHIOU','GOUDOMP','Kolibantang','Tricoumbato',483106,1409597),(778,3,'SEDHIOU','GOUDOMP','Kolibantang','Missira Bourbon',476106,1411091),(779,3,'SEDHIOU','GOUDOMP','Kolibantang','Sare Sadio',484532,1411784),(780,3,'SEDHIOU','GOUDOMP','Kolibantang','Sare Halal',484273,1412842),(781,3,'SEDHIOU','GOUDOMP','Kolibantang','Sare Bella',484455,1413308),(782,3,'SEDHIOU','GOUDOMP','Kolibantang','Kolibantang',476538,1415137),(783,3,'SEDHIOU','GOUDOMP','Kolibantang','Youracoumbato',483666,1410010),(784,3,'KOLDA','MEDINA YORO FOULA','Koulinto','Medina Mamadou Souley',518139,1435818),(785,3,'KOLDA','MEDINA YORO FOULA','Koulinto','Sare Moussa Kande',518853,1436344),(786,3,'KOLDA','MEDINA YORO FOULA','Koulinto','Sare Konko',518181,1437151),(787,3,'KOLDA','MEDINA YORO FOULA','Koulinto','Sare Saradou',518986,1437447),(788,3,'KOLDA','MEDINA YORO FOULA','Koulinto','Kathie Manding',519768,1438730),(789,3,'KOLDA','MEDINA YORO FOULA','Koulinto','Koulinto',521168,1439904),(790,3,'KOLDA','MEDINA YORO FOULA','Koulinto','Sare Amadou Diallo',521907,1441342),(791,3,'KOLDA','MEDINA YORO FOULA','Koulinto','Kadiamary',516860,1444136),(792,3,'KOLDA','MEDINA YORO FOULA','Koulinto','Sare sambouloung',526398,1444437),(793,3,'KOLDA','MEDINA YORO FOULA','Koulinto','Sare Habibou',528998,1447328),(794,3,'KOLDA','MEDINA YORO FOULA','Koulinto','Sinthiang Diarga Bouya',517197,1449782),(795,3,'SEDHIOU','SEDHIOU','koussy','Koussy I',434303,1422847),(796,3,'SEDHIOU','SEDHIOU','koussy','Koussy II',435909,1423365),(797,3,'SEDHIOU','SEDHIOU','koussy','Nimzat',434517,1423856),(798,3,'KOLDA','MEDINA YORO FOULA','K├Ürevane','Fidawsi',503809,1470155),(799,3,'KOLDA','MEDINA YORO FOULA','K├Ürevane','Sinthiou Di',496454,1475765),(800,3,'KOLDA','MEDINA YORO FOULA','K├Ürevane','Touba Thiekene',514458,1476468),(801,3,'KOLDA','MEDINA YORO FOULA','K├Ürevane','Sinthiou Tamba',514403,1478516),(802,3,'KOLDA','MEDINA YORO FOULA','K├Ürevane','Boundou Sambou',503655,1479985),(803,3,'KOLDA','MEDINA YORO FOULA','K├Ürevane','Darou Khoudoss',492406,1480130),(804,3,'KOLDA','MEDINA YORO FOULA','K├Ürevane','Sare Dello',514441,1480255),(805,3,'KOLDA','MEDINA YORO FOULA','K├Ürevane','Ngayene Senegal',520549,1480361),(806,3,'KOLDA','MEDINA YORO FOULA','K├Ürevane','Darou Salam',503095,1480792),(807,3,'KOLDA','MEDINA YORO FOULA','K├Ürevane','Medina Alpha',517348,1481200),(808,3,'KOLDA','MEDINA YORO FOULA','K├Ürevane','Ndiawene',503778,1481371),(809,3,'KOLDA','MEDINA YORO FOULA','K├Ürevane','Sinthiou Sory',513308,1481400),(810,3,'KOLDA','MEDINA YORO FOULA','K├Ürevane','Ngoudourou',519255,1481618),(811,3,'KOLDA','MEDINA YORO FOULA','K├Ürevane','Sare Yoro B.',514419,1481744),(812,3,'KOLDA','MEDINA YORO FOULA','K├Ürevane','Djida',511409,1482366),(813,3,'KOLDA','MEDINA YORO FOULA','K├Ürevane','Thiangaye',519740,1483197),(814,3,'KOLDA','MEDINA YORO FOULA','K├Ürevane','Missirah Diakhaly',509106,1483859),(815,3,'KOLDA','MEDINA YORO FOULA','K├Ürevane','Diaba Senegal',476390,1483881),(816,3,'KOLDA','MEDINA YORO FOULA','K├Ürevane','Soudou Welly',506614,1484416),(817,3,'KOLDA','MEDINA YORO FOULA','K├Ürevane','Sare Yoro T.',494919,1484496),(818,3,'KOLDA','MEDINA YORO FOULA','K├Ürevane','Sare Mansa',507902,1484807),(819,3,'KOLDA','MEDINA YORO FOULA','K├Ürevane','Sinthiou Coutou',503832,1485209),(820,3,'KOLDA','MEDINA YORO FOULA','K├Ürevane','Pata',505523,1485417),(821,3,'KOLDA','MEDINA YORO FOULA','K├Ürevane','Kohel Nioro',485581,1486254),(822,3,'KOLDA','MEDINA YORO FOULA','K├Ürevane','Kerevane',500451,1486794),(823,3,'KOLDA','MEDINA YORO FOULA','K├Ürevane','Diyabougou',504392,1486800),(824,3,'KOLDA','MEDINA YORO FOULA','K├Ürevane','Sare Mamadou',498835,1490105),(825,3,'KOLDA','MEDINA YORO FOULA','K├Ürevane','Nioro Katim',495070,1492609),(826,3,'KOLDA','MEDINA YORO FOULA','K├Ürevane','A┬┤noumady',481478,1495344),(827,3,'KOLDA','MEDINA YORO FOULA','K├Ürevane','Sinthian Bocar',490633,1495688),(828,3,'Kolda','MYF','K├Ürevane','Nioro Katim Toure',506505,1484480),(829,3,'Kolda','MYF','K├Ürevane','Sinthiou Demou',508081,1484831),(830,2,'KAOLACK','KAOLACK','Latmingue','Medina Maka',410112,1548959),(831,2,'KAOLACK','KAOLACK','Latmingue','Keur Aly Bassine',411811,1550198),(832,2,'KAOLACK','KAOLACK','Latmingue','Thiakho Madialle',409262,1550361),(833,2,'KAOLACK','KAOLACK','Latmingue','Keur Mamour Lo Ouolof',401866,1551314),(834,2,'KAOLACK','KAOLACK','Latmingue','Keur Daga',388043,1554146),(835,2,'KAOLACK','KAOLACK','Latmingue','Latmingue',399393,1555630),(836,2,'KAOLACK','KAOLACK','Latmingue','Keur Khassoum',405083,1555906),(837,2,'KAOLACK','KAOLACK','Latmingue','Keur Taiba Ouolof',393706,1556149),(838,2,'KAOLACK','KAOLACK','Latmingue','Boynguel',406892,1558357),(839,2,'KAOLACK','KAOLACK','Latmingue','Keur Boungary',402394,1558527),(840,3,'KOLDA','VELINGARA','Linkering','Wadiatoulaye',651350,1423597),(841,3,'KOLDA','VELINGARA','Linkering','Medina Kalifourou',661401,1430919),(842,3,'KOLDA','VELINGARA','Linkering','Linkering',635421,1432479),(843,3,'KOLDA','VELINGARA','Linkering','Islam',636430,1435247),(844,3,'KOLDA','VELINGARA','Linkering','Barkatou',638377,1438105),(845,2,'KAFFRINE','KAFFRINE','Mabo','Ndioral Birane Diop',432190,1524104),(846,2,'KAFFRINE','KAFFRINE','Mabo','Kaba',431091,1524488),(847,2,'KAFFRINE','KAFFRINE','Mabo','Medina Thisse',428246,1527352),(848,2,'KAFFRINE','KAFFRINE','Mabo','Ndioral Dia Mbaye',430617,1528532),(849,2,'KAFFRINE','KAFFRINE','Mabo','Koumpol Ouolof',433351,1528617),(850,2,'KAFFRINE','KAFFRINE','Mabo','Ndioral Samba Gaye',430953,1528943),(851,2,'KAFFRINE','KAFFRINE','Mabo','Koumpol Peulh',432948,1529354),(852,2,'KAFFRINE','KAFFRINE','Mabo','Maka Keur Sacoumba',427354,1530242),(853,2,'KAFFRINE','KAFFRINE','Mabo','Sine Mouride',433161,1531637),(854,2,'KAFFRINE','KAFFRINE','Mabo','Ouanar',433895,1533508),(855,2,'KAFFRINE','KAFFRINE','Mabo','Kassas',426917,1534944),(856,2,'KAFFRINE','KAFFRINE','Mabo','Keur Kouni',428483,1537106),(857,2,'KAFFRINE','KAFFRINE','Mabo','Keur Mademba',434576,1537228),(858,2,'KAFFRINE','KAFFRINE','Mabo','Tallene II (Keur Ndiag',432443,1537404),(859,2,'KAFFRINE','KAFFRINE','Mabo','Tallene I',431877,1537849),(860,2,'KAFFRINE','KAFFRINE','Mabo','Tamba Diakha',430308,1537850),(861,2,'KAFFRINE','KAFFRINE','Mabo','Tallene III',432009,1538226),(862,2,'KAFFRINE','KAFFRINE','Mabo','Mabo I',427425,1538714),(863,2,'KAFFRINE','KAFFRINE','Mabo','Medina Keur Babou Dia',429294,1539285),(864,2,'KAFFRINE','KAFFRINE','Mabo','Daga Balla',433857,1541936),(865,2,'KAFFRINE','KAFFRINE','Mabo','Medina Thiakho',428197,1541975),(866,2,'KAFFRINE','KAFFRINE','Mabo','Simbara',431291,1543072),(867,3,'KOLDA','KOLDA','Madina Ch├Üriff','Sinthiang Kelefa',581860,1418024),(868,3,'KOLDA','KOLDA','Madina Ch├Üriff','Koukolon Kaba',588566,1426204),(869,3,'KOLDA','KOLDA','Madina Ch├Üriff','Temento Samba Korass',582227,1427427),(870,3,'KOLDA','KOLDA','Madina Ch├Üriff','Goundaga Diomel',579916,1428020),(871,3,'KOLDA','KOLDA','Madina Ch├Üriff','Sare Ansou Korasse',584104,1428043),(872,3,'KOLDA','KOLDA','Madina Ch├Üriff','Sinthiang Yimbe',579768,1428655),(873,3,'KOLDA','KOLDA','Madina Ch├Üriff','Kataba Samba',579513,1428955),(874,3,'KOLDA','KOLDA','Madina Ch├Üriff','Medina Cherif',584207,1429437),(875,3,'KOLDA','KOLDA','Madina Ch├Üriff','Nemancounda',584782,1431101),(876,3,'KOLDA','KOLDA','Madina Ch├Üriff','Sinthiang Kaba',583873,1432121),(877,3,'KOLDA','KOLDA','Madina Ch├Üriff','Sare Lountang',578804,1434424),(878,3,'KOLDA','KOLDA','Madina Ch├Üriff','Kossanke',578859,1436534),(879,3,'KOLDA','KOLDA','Madina Ch├Üriff','Ninkedji',583202,1437731),(880,3,'KOLDA','KOLDA','Madina Ch├Üriff','Thieoule',580787,1439029),(881,3,'KOLDA','KOLDA','Madina Ch├Üriff','Doubel Sylla',578346,1439250),(882,3,'KOLDA','KOLDA','Madina Ch├Üriff','Sare Hamady',581141,1441365),(883,2,'KAFFRINE','KOUNGUEUL','Maka Yop','Maka Yop',497380,1551690),(884,2,'KAFFRINE','KOUNGUEUL','Maka Yop','Medina Degouye',494319,1554335),(885,2,'KAFFRINE','KOUNGUEUL','Maka Yop','Nguerane Goumack',497989,1556296),(886,2,'KAFFRINE','KOUNGUEUL','Maka Yop','Nguerane Fass',505212,1557323),(887,2,'KAFFRINE','KOUNGUEUL','Maka Yop','Medina Tobene',512426,1559561),(888,2,'KAFFRINE','KOUNGUEUL','Maka Yop','Santhie Kaffate',510794,1560339),(889,2,'KAFFRINE','KOUNGUEUL','Maka Yop','Kaffate',504797,1561720),(890,2,'KAFFRINE','KOUNGUEUL','Maka Yop','Fass Ngackene',510180,1561982),(891,2,'KAFFRINE','KOUNGUEUL','Maka Yop','Darou Miname',509813,1562874),(892,2,'KAFFRINE','KOUNGUEUL','Maka Yop','Mbelogne',495071,1563062),(893,2,'KAFFRINE','KOUNGUEUL','Maka Yop','Darou Kaffate',504287,1563869),(894,3,'KOLDA','KOLDA','Mampatim','Sare Yorobel',572272,1412778),(895,3,'KOLDA','KOLDA','Mampatim','Sare Kanta',572801,1413530),(896,3,'KOLDA','KOLDA','Mampatim','Sare Ndiobo Awa',570882,1413710),(897,3,'KOLDA','KOLDA','Mampatim','Sare Dembayel',571106,1415100),(898,3,'KOLDA','KOLDA','Mampatim','Sare Ndeyla',569689,1416140),(899,3,'KOLDA','KOLDA','Mampatim','Koutiera',578150,1419779),(900,3,'KOLDA','KOLDA','Mampatim','Pidiro',574802,1420080),(901,3,'KOLDA','KOLDA','Mampatim','Fouladou Yero',577430,1422149),(902,3,'KOLDA','KOLDA','Mampatim','Mampatim Sinthiang',572426,1422419),(903,3,'KOLDA','KOLDA','Mampatim','Wakilare Amadou',573984,1422708),(904,3,'KOLDA','KOLDA','Mampatim','Mampatim',572000,1424933),(905,3,'KOLDA','KOLDA','Mampatim','Sinthiang Dioulde',572146,1425644),(906,3,'KOLDA','KOLDA','Mampatim','Medina Meta I',572126,1426038),(907,3,'KOLDA','KOLDA','Mampatim','Lingueyel Arphang',568602,1430187),(908,3,'KOLDA','KOLDA','Mampatim','Sare Pathe Bouya',569419,1431098),(909,3,'KOLDA','KOLDA','Mampatim','Sinthiang Soukel',569862,1434624),(910,3,'KOLDA','KOLDA','Mampatim','Temento Diahe',569863,1435564),(911,3,'KOLDA','KOLDA','Mampatim','Diankacounda Manding',566930,1436818),(912,3,'KOLDA','KOLDA','Mampatim','Diankacounda Soutoucou',569179,1437527),(913,3,'KOLDA','KOLDA','Mampatim','Sare Boido Pithiame',564413,1438269),(914,3,'KOLDA','KOLDA','Mampatim','Diankacounda Oguel',568984,1438468),(915,3,'KOLDA','KOLDA','Mampatim','Diankacounda Maounde',566249,1438520),(916,3,'KOLDA','KOLDA','Mampatim','Missirah Kalidiogo',567411,1439547),(917,3,'KOLDA','KOLDA','Mampatim','Dar Salam Mamadou (Medina thierno)',570586,1441468),(918,3,'Kolda','Kolda','Mampatim','Doubel Sa Mballo',569567,1437621),(919,3,'Kolda','Kolda','Mampatim','Sar├Ü Y├Üro Djinayel',569833,1438415),(920,3,'Kolda','Kolda','Mampatim','Sinthiang Kaba',563960,1432841),(921,3,'Kolda','Kolda','Mampatim','Diankancounda',569167,1438654),(922,3,'ZIGUINCHOR','BIGNONA','Mangagoulack','Diatock',347264,1404932),(923,3,'ZIGUINCHOR','BIGNONA','Mangagoulack','Tendouck',341063,1406562),(924,3,'SEDHIOU','GOUDOMP','Mangouroungou Santo','Mangaroungou Santo',443629,1384914),(925,3,'SEDHIOU','GOUDOMP','Mangouroungou Santo','Mangaroungou Douma',441876,1385526),(926,3,'SEDHIOU','GOUDOMP','Mangouroungou Santo','Karantaba Soucoutoto',443544,1389243),(927,3,'SEDHIOU','GOUDOMP','Mangouroungou Santo','Segafoula',439356,1389287),(928,1,'SAINT LOUIS','DAGANA','Mbane','Thiago',423176,1812851),(929,1,'SAINT LOUIS','DAGANA','Mbane','Ndombo',425564,1817145),(930,1,'SAINT LOUIS','DAGANA','Mbane','Khouma',427217,1820589),(931,2,'KAFFRINE','KAFFRINE','Mbeuleup','Doyoly',438360,1533993),(932,2,'KAFFRINE','KAFFRINE','Mbeuleup','Talla',438772,1535006),(933,2,'KAFFRINE','KAFFRINE','Mbeuleup','Ndiobene Diagle',441189,1535123),(934,2,'KAFFRINE','KAFFRINE','Mbeuleup','Ndiobene Taiba',442228,1536441),(935,2,'KAFFRINE','KAFFRINE','Mbeuleup','Darou Salam II',443581,1537359),(936,2,'KAFFRINE','KAFFRINE','Mbeuleup','Thiekene  Mbeuleup',444355,1537478),(937,2,'KAFFRINE','KAFFRINE','Mbeuleup','Ndiobene Gouye',434879,1538363),(938,2,'KAFFRINE','KAFFRINE','Mbeuleup','Hamdallaye Mbeuleup',436981,1538450),(939,2,'KAFFRINE','KAFFRINE','Mbeuleup','Loncane Mbeuleup',436024,1539037),(940,2,'KAFFRINE','KAFFRINE','Mbeuleup','Diama Fara',443886,1539817),(941,2,'KAFFRINE','KAFFRINE','Mbeuleup','Diatta Fakha',444661,1540276),(942,2,'KAFFRINE','KAFFRINE','Mbeuleup','Mbeuleup',441594,1540336),(943,2,'KAFFRINE','KAFFRINE','Mbeuleup','Ndiagnene',446549,1540357),(944,2,'KAFFRINE','BIRKILANE','Mbeuleup','Thieckene',444554,1537880),(945,1,'SAINT LOUIS','PODOR','Mbolo Birane','Lougues Sebbes',615237,1775451),(946,3,'KOLDA','KOLDA','Medina El Hadj','Sare Koube',514297,1401916),(947,3,'KOLDA','KOLDA','Medina El Hadj','Sare Yero Coumbel',509667,1402514),(948,3,'KOLDA','KOLDA','Medina El Hadj','Sanka',507948,1402814),(949,3,'KOLDA','KOLDA','Medina El Hadj','Sare Kediang Bakary',513577,1403028),(950,3,'KOLDA','KOLDA','Medina El Hadj','Sendebou',507450,1404541),(951,3,'KOLDA','KOLDA','Medina El Hadj','Demabo',515382,1404904),(952,3,'KOLDA','KOLDA','Medina El Hadj','Mballocounda',506205,1404956),(953,3,'KOLDA','KOLDA','Medina El Hadj','Medina El Hadji',510104,1408834),(954,3,'KOLDA','KOLDA','Medina El Hadj','Kanwaly (Touba Sadou)',509347,1409057),(955,3,'KOLDA','KOLDA','Medina El Hadj','Sansankoto',504556,1409685),(956,3,'KOLDA','KOLDA','Medina El Hadj','Touba Sadou Diamanka',508421,1410162),(957,3,'KOLDA','KOLDA','Medina El Hadj','Sare Samballe',507899,1410444),(958,3,'KOLDA','KOLDA','Medina El Hadj','Sare Galo',506836,1410774),(959,3,'KOLDA','KOLDA','Medina El Hadj','Bantancountou Maoude',505369,1411344),(960,3,'KOLDA','KOLDA','Medina El Hadj','Ndangane',505042,1412337),(961,3,'KOLDA','KOLDA','Medina El Hadj','Sare Dembarou',506180,1413142),(962,3,'Kolda','Kolda','Medina El Hadji','Sare Golo',507597,1411352),(963,3,'Kolda','Kolda','Medina El Hadji','Sare Sambalele',508180,1410661),(964,3,'KOLDA','VELINGARA','Medina Gounass','Tawbatou',629212,1442441),(965,3,'KOLDA','VELINGARA','Medina Gounass','Medina Gounass',634293,1452604),(966,3,'KOLDA','VELINGARA','Medina Gounass','Missira Kouba',631709,1459679),(967,3,'Kolda','Velingara','Medina Gounass','Sinthiang Aliou',632460,1441048),(968,2,'KAOLACK','NIORO DU RIP','Medina Sabakh','Keur Babou Fady',427277,1502619),(969,2,'KAOLACK','NIORO DU RIP','Medina Sabakh','Karama',444484,1502792),(970,2,'KAOLACK','NIORO DU RIP','Medina Sabakh','Boumboune',440094,1502875),(971,2,'KAOLACK','NIORO DU RIP','Medina Sabakh','Keur Ayib Gueye',434320,1502905),(972,2,'KAOLACK','NIORO DU RIP','Medina Sabakh','Mbapp',447413,1503100),(973,2,'KAOLACK','NIORO DU RIP','Medina Sabakh','Santhie Medina (Keur O',427279,1503148),(974,2,'KAOLACK','NIORO DU RIP','Medina Sabakh','Santhie Ndakhar',443357,1503416),(975,2,'KAOLACK','NIORO DU RIP','Medina Sabakh','Medina Sabakh',436921,1503463),(976,2,'KAOLACK','NIORO DU RIP','Medina Sabakh','Keur Samba Couta',420542,1503781),(977,2,'KAOLACK','NIORO DU RIP','Medina Sabakh','Diagle',442050,1503897),(978,2,'KAOLACK','NIORO DU RIP','Medina Sabakh','Falifa',422415,1503945),(979,2,'KAOLACK','NIORO DU RIP','Medina Sabakh','Ndiawara',424878,1504077),(980,2,'KAOLACK','NIORO DU RIP','Medina Sabakh','Civol',428182,1504116),(981,2,'KAOLACK','NIORO DU RIP','Medina Sabakh','Nguer',429445,1504125),(982,2,'KAOLACK','NIORO DU RIP','Medina Sabakh','Keur Ngatane',434024,1504289),(983,2,'KAOLACK','NIORO DU RIP','Medina Sabakh','Ngayene II',420673,1504857),(984,2,'KAOLACK','NIORO DU RIP','Medina Sabakh','Passy Rip',431467,1504948),(985,2,'KAOLACK','NIORO DU RIP','Medina Sabakh','Ainoumane',425088,1505101),(986,2,'KAOLACK','NIORO DU RIP','Medina Sabakh','Pakala',443908,1505190),(987,2,'KAOLACK','NIORO DU RIP','Medina Sabakh','Hamdalaye',440100,1505644),(988,2,'KAOLACK','NIORO DU RIP','Medina Sabakh','Diery Kaw Ngueyene',436824,1505909),(989,2,'KAOLACK','NIORO DU RIP','Medina Sabakh','Kohel',430245,1506072),(990,2,'KAOLACK','NIORO DU RIP','Medina Sabakh','Keur Sakala',431795,1506445),(991,2,'KAOLACK','NIORO DU RIP','Medina Sabakh','Ndiagnene',423174,1506593),(992,2,'KAOLACK','NIORO DU RIP','Medina Sabakh','Santhie Sanghap',439822,1506737),(993,2,'KAOLACK','NIORO DU RIP','Medina Sabakh','Sanghap',442313,1506935),(994,2,'KAOLACK','NIORO DU RIP','Medina Sabakh','Keur Lahine',433795,1506994),(995,2,'KAOLACK','NIORO DU RIP','Medina Sabakh','Thiamene Sanghap',442313,1507104),(996,2,'KAOLACK','NIORO DU RIP','Medina Sabakh','Keur Sette Diabou',421097,1507107),(997,2,'KAOLACK','NIORO DU RIP','Medina Sabakh','Yongo',426864,1507479),(998,2,'KAOLACK','NIORO DU RIP','Medina Sabakh','Donghoro',432124,1508683),(999,2,'KAOLACK','NIORO DU RIP','Medina Sabakh','Djiguimar',436901,1509099),(1000,2,'KAOLACK','NIORO DU RIP','Medina Sabakh','Keur Baka (Bassine)',429849,1509285),(1001,2,'KAOLACK','NIORO DU RIP','Medina Sabakh','Ndiahene',426384,1509838),(1002,2,'KAOLACK','NIORO DU RIP','Medina Sabakh','Keur Katim Peulh',432682,1509902),(1003,2,'KAOLACK','NIORO DU RIP','Medina Sabakh','Keur Katim Diama',432442,1510452),(1004,2,'KAOLACK','NIORO DU RIP','Medina Sabakh','Santhie Ndiba',428663,1510670),(1005,2,'KAOLACK','NIORO DU RIP','Medina Sabakh','Koupakh Keur Gamou',434727,1510894),(1006,2,'KAOLACK','NIORO DU RIP','Medina Sabakh','Keur Sader',426792,1511416),(1007,2,'KAOLACK','NIORO DU RIP','Medina Sabakh','Ndiba Ndiayene',427905,1512669),(1008,2,'KAOLACK','NIORO DU RIP','Medina Sabakh','Payoma',437952,1513039),(1009,2,'KAOLACK','NIORO DU RIP','Medina Sabakh','Pakane Keur Gagny',430382,1514336),(1010,2,'KAOLACK','NIORO DU RIP','Medina Sabakh','Pakane Keur Ndiawnary',428649,1514393),(1011,2,'KAOLACK','NIORO DU RIP','Medina Sabakh','Pakane Keur Samba',428453,1514652),(1012,2,'KAOLACK','NIORO DU RIP','Medina Sabakh','Pakane Keur Demba Djid',428513,1514972),(1013,2,'KAFFRINE','KOUNGUEUL','Missirah Wad├×ne','Missirah Wadene',487552,1546290),(1014,2,'KAFFRINE','KOUNGUEUL','Missirah Wad├×ne','Baytil Moukhadass',489207,1563318),(1015,3,'ZIGUINCHOR','OUSSOUYE','Mlomp','Loudia Ouolof',325857,1383840),(1016,3,'ZIGUINCHOR','OUSSOUYE','Mlomp','Cagnoute Bouhimbane',323391,1386931),(1017,3,'ZIGUINCHOR','OUSSOUYE','Mlomp','Cagnoute Ouyohe',323065,1387314),(1018,3,'ZIGUINCHOR','OUSSOUYE','Mlomp','Cagnoute Ebrouaye',322961,1387595),(1019,3,'ZIGUINCHOR','OUSSOUYE','Mlomp','Mlomp Djicomol',326978,1387962),(1020,3,'ZIGUINCHOR','OUSSOUYE','Mlomp','Mlomp Kadjifolomg',327433,1388076),(1021,3,'ZIGUINCHOR','OUSSOUYE','Mlomp','Kadjignolle Ebankine',328573,1388230),(1022,3,'ZIGUINCHOR','OUSSOUYE','Mlomp','Kadjinolle Kandianka',329796,1388309),(1023,3,'ZIGUINCHOR','OUSSOUYE','Mlomp','Mlomp Djibetene',326827,1388440),(1024,3,'ZIGUINCHOR','OUSSOUYE','Mlomp','Kadjignolle Hassouka',329332,1388723),(1025,3,'ZIGUINCHOR','OUSSOUYE','Mlomp','Kadjignolle Kafone',328362,1389378),(1026,3,'ZIGUINCHOR','OUSSOUYE','Mlomp','Kadjignolle Kagnao',328362,1389378),(1027,3,'ZIGUINCHOR','OUSSOUYE','Mlomp','Kadjignolle Sengueu',328362,1389378),(1028,3,'ZIGUINCHOR','BIGNONA','Mlomp','Thionck Essyl',335395,1412917),(1029,3,'ZIGUINCHOR','BIGNONA','Mlomp','Thionck Essyl',334945,1413671),(1030,3,'ZIGUINCHOR','Oussouye','Mlomp','Mlomp',322972,1388818),(1031,3,'Kolda','V├Ülingara','M├Üdina Gounass','Ouba',649159,1459939),(1032,1,'MATAM','MATAM','Nabadji Civol','Matam',686834,1731850),(1033,1,'MATAM','MATAM','Nabadji Civol','Tiguere Cire',683564,1737411),(1034,1,'MATAM','MATAM','Nabadji Civol','Tiguere Yene',685553,1737506),(1035,1,'MATAM','MATAM','Nabadji Civol','Thioubalel Nabadji',676120,1742339),(1036,1,'MATAM','MATAM','Nabadji Civol','Koundel',684921,1746043),(1037,1,'MATAM','MATAM','Nabadji Civol','Woudourou',681476,1752186),(1038,1,'MATAM','MATAM','Nabadji Civol','Diamel',688989,1734113),(1039,1,'MATAM','KANEL','Ndendory','Ndendory',709680,1696978),(1040,1,'MATAM','KANEL','Ndendory','Hamady Ounare',713288,1697426),(1041,1,'MATAM','KANEL','Ndendory','Sinthiou Bamambe',700571,1699593),(1042,2,'KAOLACK','KAOLACK','Ndiaffate','Thioffior',375737,1550283),(1043,2,'KAOLACK','KAOLACK','Ndiaffate','Keur Yoro Soumbou',371946,1550738),(1044,2,'KAOLACK','KAOLACK','Ndiaffate','Bouldiabe Boumack',369817,1551146),(1045,2,'KAOLACK','KAOLACK','Ndiaffate','Keur Wack Diack',374203,1551317),(1046,2,'KAOLACK','KAOLACK','Ndiaffate','Bouldiabe Sinthiou',369971,1552221),(1047,2,'KAOLACK','KAOLACK','Ndiaffate','Kossy Thiamene',378502,1554476),(1048,2,'KAOLACK','KAOLACK','Ndiaffate','Keur Gallo Diao',375472,1554592),(1049,2,'KAOLACK','KAOLACK','Ndiaffate','Keur Gatta Sow',374945,1556958),(1050,2,'KAOLACK','KAOLACK','Ndiaffate','Keur Yougo',369862,1559902),(1051,3,'SEDHIOU','BOUNKILING','Ndiamalathiel','Boudouck',421371,1468946),(1052,1,'SAINT LOUIS','PODOR','Ndiayene Pendao','Nianga diery',509207,1825735),(1053,1,'SAINT LOUIS','PODOR','Ndiayene Pendao','Wouro Diery',507565,1824158),(1054,1,'SAINT LOUIS','PODOR','Ndiayene Pendao','Mballa',506678,1823625),(1055,1,'SAINT LOUIS','PODOR','Ndiayene Pendao','Ndioufde Dially',503914,1823392),(1056,1,'SAINT LOUIS','PODOR','Ndiayene Pendao','Tivaoune 2',500614,1823145),(1057,1,'SAINT LOUIS','PODOR','Ndiayene-Pendao','Thiewle',497927,1823079),(1058,1,'SAINT LOUIS','PODOR','Ndiayene-Pendao','Wadebe I (Diaobe)',497529,1823134),(1059,1,'SAINT LOUIS','PODOR','Ndiayene-Pendao','Wouro Doubel Mbarick',501581,1823157),(1060,1,'SAINT LOUIS','PODOR','Ndiayene-Pendao','Diamel',500712,1823162),(1061,1,'SAINT LOUIS','PODOR','Ndiayene-Pendao','Ndiayene Pendao',494934,1824074),(1062,1,'SAINT LOUIS','PODOR','Ndiayene-Pendao','Sowanabe Botol',507926,1824437),(1063,1,'SAINT LOUIS','PODOR','Ndiayene-Pendao','Ndiayene Sarre',494885,1824467),(1064,1,'SAINT LOUIS','PODOR','Ndiayene-Pendao','Nguendar',508301,1824669),(1065,1,'SAINT LOUIS','PODOR','Ndiayene-Pendao','Figo',499081,1825499),(1066,1,'SAINT LOUIS','PODOR','Ndiayene-Pendao','Wadabe II (Kadione)',490663,1826390),(1067,1,'SAINT LOUIS','PODOR','Ndiayene-Pendao','Niandane',500850,1834152),(1068,1,'SAINT LOUIS','PODOR','Ndiayene-Pendao','Kodith',505442,1834205),(1069,2,'KAOLACK','KAOLACK','Ndiedieng','Payemar Ouolof',376346,1532921),(1070,2,'KAFFRINE','KAFFRINE','Ndiognick','Darou Nandjigui',442093,1543199),(1071,2,'KAFFRINE','KAFFRINE','Ndiognick','Keur Sawely',440480,1544554),(1072,2,'KAFFRINE','KAFFRINE','Ndiognick','Keur Modou Wilane',440538,1546264),(1073,2,'KAFFRINE','KAFFRINE','Ndiognick','Ngouye',435959,1546783),(1074,2,'KAFFRINE','KAFFRINE','Ndiognick','Ndiognick',430413,1551215),(1075,2,'KAFFRINE','KAFFRINE','Ndiognick','Goback Soukoum',433289,1551981),(1076,2,'KAFFRINE','KAFFRINE','Ndiognick','Loumene',435211,1554166),(1077,2,'KAFFRINE','KAFFRINE','Ndiognick','Keur Thierno Talla',433783,1555047),(1078,2,'KAFFRINE','KAFFRINE','Ndiognick','Keur Ndery',433572,1555048),(1079,2,'KAFFRINE','KAFFRINE','Ndiognick','Ndiayene Bagana',433877,1557043),(1080,2,'KAFFRINE','KAFFRINE','Ndiognick','Kebe Keur Babou',435643,1557580),(1081,3,'KOLDA','MEDINA YORO FOULA','Ndorna','Sare Samba Dabo',476875,1442057),(1082,3,'KOLDA','MEDINA YORO FOULA','Ndorna','Sare Pathe',477668,1452719),(1083,3,'KOLDA','MEDINA YORO FOULA','Ndorna','Fara Toukoune',479679,1453883),(1084,3,'KOLDA','MEDINA YORO FOULA','Ndorna','Ndorna',496733,1454805),(1085,3,'KOLDA','MEDINA YORO FOULA','Ndorna','Sare Mamadou',490686,1458170),(1086,3,'KOLDA','MEDINA YORO FOULA','Ndorna','Bayoungou',484098,1460075),(1087,3,'KOLDA','MEDINA YORO FOULA','Ndorna','Sinthiang Habibou',502910,1462853),(1088,2,'KAOLACK','NIORO DU RIP','Ndrame Escale','Keur Birane Ndoupy',375020,1518683),(1089,2,'KAOLACK','NIORO DU RIP','Ndrame Escale','Keur Samba Amath',377886,1520267),(1090,2,'KAOLACK','NIORO DU RIP','Ndrame Escale','Ndiaye Counda',374304,1520341),(1091,2,'KAOLACK','NIORO DU RIP','Ndrame Escale','Ndienghene Mody',374289,1521051),(1092,2,'KAOLACK','NIORO DU RIP','Ndrame Escale','Ngueyene Ndary',377177,1521768),(1093,2,'KAOLACK','NIORO DU RIP','Ndrame Escale','Keur Thierno Toure',371169,1521797),(1094,2,'KAOLACK','NIORO DU RIP','Ndrame Escale','Keur Gaye',377479,1522228),(1095,2,'KAOLACK','NIORO DU RIP','Ndrame Escale','Ndiobene Keur Gaye',377931,1522686),(1096,2,'KAOLACK','NIORO DU RIP','Ndrame Escale','Keur Malick Diare',372525,1522712),(1097,2,'KAOLACK','NIORO DU RIP','Ndrame Escale','Keur Momath Anta',369578,1522718),(1098,2,'KAOLACK','NIORO DU RIP','Ndrame Escale','Keur Massakho',370275,1523030),(1099,2,'KAOLACK','NIORO DU RIP','Ndrame Escale','Keur Baka Awa',367514,1524335),(1100,2,'KAOLACK','NIORO DU RIP','Ndrame Escale','Ndrame Peulh',373616,1524856),(1101,2,'KAOLACK','NIORO DU RIP','Ndrame Escale','Keur Abdou Matha',366382,1525200),(1102,2,'KAOLACK','NIORO DU RIP','Ndrame Escale','Ndrame Escale',373808,1525434),(1103,2,'KAOLACK','NIORO DU RIP','Ndrame Escale','Fass Ngueyene',376894,1525456),(1104,2,'KAOLACK','NIORO DU RIP','Ndrame Escale','Keur Lahine Sakho',370263,1525575),(1105,2,'KAOLACK','NIORO DU RIP','Ndrame Escale','Ndiaffory',378077,1525651),(1106,2,'KAOLACK','NIORO DU RIP','Ndrame Escale','Talene Gobo',368337,1525959),(1107,2,'KAOLACK','NIORO DU RIP','Ndrame Escale','Keur Fafa Boury',365621,1525981),(1108,2,'KAOLACK','NIORO DU RIP','Ndrame Escale','Djissa Aliou',371494,1526711),(1109,2,'KAOLACK','NIORO DU RIP','Ndrame Escale','Bowe',374651,1527464),(1110,2,'KAOLACK','NIORO DU RIP','Ndrame Escale','Thiamene Momath Binta',377172,1527534),(1111,2,'KAOLACK','NIORO DU RIP','Ndrame Escale','Medina Mbadji',376296,1529045),(1112,2,'KAOLACK','NIORO DU RIP','Ndrame Escale','Thiarene Djissa',370606,1529174),(1113,2,'KAOLACK','NIORO DU RIP','Ndrame Escale','Keur Boh Fall',367002,1529192),(1114,2,'KAOLACK','NIORO DU RIP','Ndrame Escale','Thiamene Maka',374511,1529461),(1115,2,'KAOLACK','NIORO DU RIP','Ndrame Escale','Touba Ii',373990,1529550),(1116,2,'KAOLACK','NIORO DU RIP','Ndrame Escale','Missirah Thysse',367908,1530109),(1117,2,'KAOLACK','NIORO DU RIP','Ndrame Escale','Keur Dame',372587,1530673),(1118,2,'KAOLACK','NIORO DU RIP','Ndrame Escale','Thioyene Matar',366272,1531039),(1119,2,'KAOLACK','NIORO DU RIP','Ndrame Escale','Keur Mamour Anta',372555,1531118),(1120,2,'KAOLACK','NIORO DU RIP','Ndrame Escale','Keur Katim Toure',373919,1531308),(1121,2,'KAOLACK','NIORO DU RIP','Ndrame Escale','Thiamene Keur Massamba',369123,1532868),(1122,3,'KOLDA','VELINGARA','Nemataba','Dinguiraye',608821,1456029),(1123,3,'KOLDA','VELINGARA','Nemataba','Sare Nague',596250,1459108),(1124,3,'KOLDA','VELINGARA','Nemataba','Mankacounda',602518,1459453),(1125,3,'KOLDA','VELINGARA','Nemataba','Sinthiang Kaba',600954,1460017),(1126,3,'KOLDA','VELINGARA','Nemataba','Sare Mbirou',601100,1460954),(1127,3,'KOLDA','VELINGARA','Nemataba','Bagayogo',593235,1461165),(1128,3,'KOLDA','VELINGARA','Nemataba','Sinthiang Dara',599292,1461639),(1129,3,'KOLDA','VELINGARA','Nemataba','Diamwelly Yoro',601508,1461790),(1130,3,'KOLDA','VELINGARA','Nemataba','Nemataba',600654,1461923),(1131,3,'KOLDA','VELINGARA','Nemataba','Diamwelly Pathe',601458,1462145),(1132,3,'KOLDA','VELINGARA','Nemataba','Sinthiang Koulandiala',599126,1462863),(1133,3,'KOLDA','VELINGARA','Nemataba','Koumera',600250,1464004),(1134,3,'KOLDA','VELINGARA','Nemataba','Sare Amadara',599169,1465872),(1135,3,'KOLDA','VELINGARA','Nemataba','Sare Koke',599182,1467014),(1136,3,'Kolda','v├®lingara','Nemataba','Demba Alette',606411,1457228),(1137,3,'Kolda','v├®lingara','Nemataba','Sare Talla',603533,1461995),(1138,3,'Kolda','v├®lingara','Nemataba','Koulandiala Makacounda',601051,1460854),(1139,3,'Kolda','v├®lingara','Nemataba','Diamwelli Pathe',601073,1459997),(1140,2,'KAFFRINE','KOUNGUEUL','Ngainte Pathe','Thiobe Ndioufene',501629,1571423),(1141,2,'KAFFRINE','KOUNGUEUL','Ngainte Pathe','Boudiourguel',498559,1575602),(1142,2,'KAOLACK','NIORO DU RIP','Ngayene','Darou Mbapp',447709,1505249),(1143,2,'KAOLACK','NIORO DU RIP','Ngayene','Mbapp Lohene',448267,1506068),(1144,2,'KAOLACK','NIORO DU RIP','Ngayene','Keur Diane',444968,1508534),(1145,2,'KAOLACK','NIORO DU RIP','Ngayene','Taif',447260,1509008),(1146,2,'KAOLACK','NIORO DU RIP','Ngayene','Darou Salam',446525,1509045),(1147,2,'KAOLACK','NIORO DU RIP','Ngayene','Ndiabo',445623,1509115),(1148,2,'KAOLACK','NIORO DU RIP','Ngayene','Diagle Ngayene',448328,1510010),(1149,2,'KAOLACK','NIORO DU RIP','Ngayene','Loyene',443067,1510413),(1150,2,'KAOLACK','NIORO DU RIP','Ngayene','Fass Lohene',441421,1511407),(1151,2,'KAOLACK','NIORO DU RIP','Ngayene','Ngayene',446657,1512826),(1152,2,'KAOLACK','NIORO DU RIP','Ngayene','Sine Ngayene',442240,1513417),(1153,2,'KAOLACK','NIORO DU RIP','Ngayene','Passy Ngayene',450119,1514390),(1154,2,'KAOLACK','NIORO DU RIP','Ngayene','Thieckene',442957,1515188),(1155,2,'KAOLACK','NIORO DU RIP','Ngayene','Fass Ngayene',443837,1516441),(1156,2,'KAOLACK','NIORO DU RIP','Ngayene','Velingara',444327,1517789),(1157,2,'KAOLACK','NIORO DU RIP','Ngayene','Diama Thiewy',448799,1520607),(1158,2,'KAOLACK','NIORO DU RIP','Ngayene','Diama Passy',448094,1521563),(1159,2,'KAOLACK','NIORO DU RIP','Ngayene','Thiamba',448241,1524465),(1160,2,'KAOLACK','NIORO DU RIP','Ngayene','Diama Palene Kacounda',451819,1524614),(1161,2,'KAOLACK','NIORO DU RIP','Ngayene','Diama Palene Sycounda',450767,1524691),(1162,2,'KAOLACK','NIORO DU RIP','Ngayene','Diama Moussa',451653,1524849),(1163,2,'KAOLACK','NIORO DU RIP','Ngayene','Diama Palene Mbayene',451870,1524866),(1164,1,'SAINT LOUIS','DAGANA','Ngnith','Niassene',376046,1771589),(1165,1,'SAINT LOUIS','DAGANA','Ngnith','Dental Foulbe',397873,1784448),(1166,3,'SEDHIOU','GOUDOMP','Niagha','Kougnadji',466521,1398685),(1167,3,'SEDHIOU','GOUDOMP','Niagha','Fanka',468196,1398880),(1168,3,'SEDHIOU','GOUDOMP','Niagha','Bamary',463774,1400580),(1169,3,'SEDHIOU','GOUDOMP','Niagha','Kitim',462669,1401397),(1170,3,'SEDHIOU','GOUDOMP','Niagha','Bambadala Ba',464255,1401864),(1171,3,'SEDHIOU','GOUDOMP','Niagha','Santandian Yoba',485547,1402599),(1172,3,'SEDHIOU','GOUDOMP','Niagha','Sare Lao',484458,1402903),(1173,3,'SEDHIOU','GOUDOMP','Niagha','Mambounkou',470340,1403667),(1174,3,'SEDHIOU','GOUDOMP','Niagha','Koudalla',471323,1403779),(1175,3,'SEDHIOU','GOUDOMP','Niagha','Sare Dembane',482137,1404454),(1176,3,'SEDHIOU','GOUDOMP','Niagha','Sinthiang Mali Kande',470148,1404612),(1177,3,'SEDHIOU','GOUDOMP','Niagha','Niangha',470890,1404642),(1178,3,'SEDHIOU','GOUDOMP','Niagha','Sare Sara Bouya',482879,1406395),(1179,3,'SEDHIOU','GOUDOMP','Niagha','Sare Samba Couta',481258,1406785),(1180,3,'SEDHIOU','GOUDOMP','Niagha','Medina Sambarou Seydi',479102,1406894),(1181,3,'SEDHIOU','GOUDOMP','Niagha','Dialaba Peulh',479754,1407000),(1182,3,'SEDHIOU','GOUDOMP','Niagha','Kaolack',481865,1407099),(1183,3,'SEDHIOU','GOUDOMP','Niagha','Sare Demba Diao',482876,1407166),(1184,3,'SEDHIOU','GOUDOMP','Niagha','Sare Tening',479082,1407178),(1185,3,'SEDHIOU','GOUDOMP','Niagha','Sare Sindi',482076,1407221),(1186,3,'SEDHIOU','GOUDOMP','Niagha','Sinthiang Aliou Balde',480053,1407269),(1187,3,'SEDHIOU','GOUDOMP','Niagha','Sare Niako',480781,1407540),(1188,3,'SEDHIOU','GOUDOMP','Niagha','Sinthiang Sambarou Kan',470809,1410917),(1189,3,'ZIGUINCHOR','ZIGUINCHOR','Niaguis','Mandina Mancagne',363736,1386117),(1190,3,'ZIGUINCHOR','ZIGUINCHOR','Niaguis','Boulome',368602,1386341),(1191,3,'ZIGUINCHOR','ZIGUINCHOR','Niaguis','Boutoute',366010,1388177),(1192,3,'ZIGUINCHOR','ZIGUINCHOR','Niaguis','Sone',371745,1388457),(1193,3,'ZIGUINCHOR','ZIGUINCHOR','Niaguis','Niaguis',372806,1389312),(1194,3,'KOLDA','MEDINA YORO FOULA','Niaming','A┬┤noumane',528994,1459946),(1195,3,'KOLDA','MEDINA YORO FOULA','Niaming','Sare Samba Tening',531067,1463307),(1196,3,'KOLDA','MEDINA YORO FOULA','Niaming','Medina Ngayene (Kourko',522009,1463608),(1197,3,'KOLDA','MEDINA YORO FOULA','Niaming','Tankon Fara',503854,1464493),(1198,3,'KOLDA','MEDINA YORO FOULA','Niaming','Sare Dicory I',535190,1464986),(1199,3,'KOLDA','MEDINA YORO FOULA','Niaming','Kourkour Sally',523422,1469450),(1200,3,'KOLDA','MEDINA YORO FOULA','Niaming','Medina Yoro Foula',530900,1469461),(1201,3,'KOLDA','MEDINA YORO FOULA','Niaming','Tabanany',522774,1470095),(1202,3,'KOLDA','MEDINA YORO FOULA','Niaming','Niaming',525637,1471614),(1203,3,'KOLDA','MEDINA YORO FOULA','Niaming','Kibassa',524302,1472927),(1204,3,'KOLDA','MEDINA YORO FOULA','Niaming','Sare Yoro Gueye',527489,1474556),(1205,3,'ZIGUINCHOR','BIGNONA','Niamone','Tobor',362506,1400113),(1206,3,'ZIGUINCHOR','BIGNONA','Niamone','Baghagha',359101,1402747),(1207,3,'ZIGUINCHOR','BIGNONA','Niamone','Kalomba',364843,1410303),(1208,3,'ZIGUINCHOR','ZIGUINCHOR','Niassya','Kaguitte',346905,1371528),(1209,3,'ZIGUINCHOR','ZIGUINCHOR','Niassya','Etafoune',347915,1374560),(1210,3,'ZIGUINCHOR','ZIGUINCHOR','Niassya','Kouring',350017,1374905),(1211,3,'ZIGUINCHOR','ZIGUINCHOR','Niassya','Bacounoum',346103,1376182),(1212,3,'ZIGUINCHOR','ZIGUINCHOR','Niassya','Kaleane',344005,1376972),(1213,3,'ZIGUINCHOR','ZIGUINCHOR','Niassya','Ediouma',351873,1377440),(1214,3,'ZIGUINCHOR','ZIGUINCHOR','Niassya','Kadieme',353082,1377669),(1215,3,'ZIGUINCHOR','ZIGUINCHOR','Niassya','Kassoulou',352777,1378285),(1216,3,'ZIGUINCHOR','ZIGUINCHOR','Niassya','Nyassia',350300,1378758),(1217,3,'ZIGUINCHOR','ZIGUINCHOR','Niassya','Kailou',348303,1378771),(1218,3,'ZIGUINCHOR','ZIGUINCHOR','Niassya','Etome',351799,1379424),(1219,3,'ZIGUINCHOR','ZIGUINCHOR','Niassya','Dar Salam',353696,1381588),(1220,2,'FATICK','FOUNDIOUGNE','Nioro Alassane Tall','Keur Omar Mbombe',355519,1515887),(1221,2,'FATICK','FOUNDIOUGNE','Nioro Alassane Tall','Ngayene Thiebo',355659,1517353),(1222,2,'FATICK','FOUNDIOUGNE','Nioro Alassane Tall','Keur Lahine Fatim',350124,1518358),(1223,2,'FATICK','FOUNDIOUGNE','Nioro Alassane Tall','Keur Nghatanor',358107,1519723),(1224,2,'FATICK','FOUNDIOUGNE','Nioro Alassane Tall','Pakala',353063,1519880),(1225,2,'FATICK','FOUNDIOUGNE','Nioro Alassane Tall','Darou Keur Ibra Segnan',355110,1520526),(1226,2,'FATICK','FOUNDIOUGNE','Nioro Alassane Tall','Simong Diene',349541,1521360),(1227,2,'FATICK','FOUNDIOUGNE','Nioro Alassane Tall','Keur Babou Penda',356096,1521429),(1228,2,'FATICK','FOUNDIOUGNE','Nioro Alassane Tall','Nioro Alassane Tall',355273,1523104),(1229,2,'FATICK','FOUNDIOUGNE','Nioro Alassane Tall','Keur Serigne Khodia',357062,1523407),(1230,2,'FATICK','FOUNDIOUGNE','Nioro Alassane Tall','Keur Mama Lamine Touco',350378,1523595),(1231,2,'FATICK','FOUNDIOUGNE','Nioro Alassane Tall','Keur Amady Diallo',355266,1524646),(1232,2,'FATICK','FOUNDIOUGNE','Nioro Alassane Tall','Ndiaw Malick',359035,1524814),(1233,2,'FATICK','FOUNDIOUGNE','Nioro Alassane Tall','Ndiob Keur Ibra Mbery',353767,1524962),(1234,2,'FATICK','FOUNDIOUGNE','Nioro Alassane Tall','Keur Malick Fady',352567,1525275),(1235,2,'FATICK','FOUNDIOUGNE','Nioro Alassane Tall','Thilla Keur Momar Mbay',352450,1525737),(1236,2,'FATICK','FOUNDIOUGNE','Nioro Alassane Tall','Touba Mouride',356334,1526029),(1237,2,'FATICK','FOUNDIOUGNE','Nioro Alassane Tall','Ndiop Thiarene',354076,1526497),(1238,2,'FATICK','FOUNDIOUGNE','Nioro Alassane Tall','Santhie Mbaye Sy',353622,1527889),(1239,2,'FATICK','FOUNDIOUGNE','Nioro Alassane Tall','Simong Bambara',360691,1528057),(1240,2,'FATICK','FOUNDIOUGNE','Nioro Alassane Tall','Ndiayene Moussa',357089,1528323),(1241,2,'FATICK','FOUNDIOUGNE','Nioro Alassane Tall','Senghor',351525,1528397),(1242,2,'FATICK','FOUNDIOUGNE','Nioro Alassane Tall','Keur Sabassy Thiam',355589,1528638),(1243,2,'FATICK','FOUNDIOUGNE','Nioro Alassane Tall','Keur Yoro Diop',356042,1529673),(1244,2,'FATICK','FOUNDIOUGNE','Nioro Alassane Tall','Thioyene Sokone',364466,1530114),(1245,2,'FATICK','FOUNDIOUGNE','Nioro Alassane Tall','Kouatine',355653,1530189),(1246,2,'FATICK','FOUNDIOUGNE','Nioro Alassane Tall','Ngouye Mary',355641,1531023),(1247,2,'FATICK','FOUNDIOUGNE','Nioro Alassane Tall','Dantakhoune',356778,1531478),(1248,2,'FATICK','FOUNDIOUGNE','Nioro Alassane Tall','Ndrame Sadiabou',358013,1532619),(1249,2,'FATICK','FOUNDIOUGNE','Nioro Alassane Tall','Ndiayene Kad',368886,1533555),(1250,2,'FATICK','FOUNDIOUGNE','Nioro Alassane Tall','Passy Diemoul',360028,1534118),(1251,2,'Fatick','Foundiougne','Nioro alassane Tall','Keur sette Gueye',359908,1530475),(1252,2,'Fatick','Foundiougne','Nioro Alassane Tall','Keur Omar Mbombe',351173,1517723),(1253,3,'ZIGUINCHOR','ZIGUINCHOR','Nyassia','Kaguitte',349115,1376272),(1254,1,'MATAM','MATAM','Ogo','Navel',687903,1729344),(1255,1,'MATAM','MATAM','Orefonde','Thiasky',641812,1779650),(1256,1,'MATAM','MATAM','Orefonde','Diowguel',638846,1780691),(1257,1,'MATAM','MATAM','Orefonde','Diorbivol Station',637394,1782015),(1258,1,'MATAM','MATAM','Orefonde','Diorbivol Pecheurs',637371,1782719),(1259,1,'MATAM','KANEL','Orkadiere','Polel Diaoube',714897,1688769),(1260,1,'MATAM','KANEL','Orkadiere','Orkadiere',719296,1690603),(1261,1,'MATAM','KANEL','Orkadiere','Vendou Bosseabe',716035,1693956),(1262,1,'MATAM','KANEL','Orkadiere','Ganguel Soule',720240,1702106),(1263,1,'MATAM','KANEL','Orkadiere','Gouriky Coliyabe',718921,1708346),(1264,3,'KOLDA','VELINGARA','Ouassadou','Pring Maounde',586525,1402205),(1265,3,'KOLDA','VELINGARA','Ouassadou','Medina Poussang',587324,1406655),(1266,3,'KOLDA','VELINGARA','Ouassadou','Kaone',581179,1407095),(1267,3,'KOLDA','VELINGARA','Ouassadou','Sare Diahe',593415,1410532),(1268,3,'KOLDA','VELINGARA','Ouassadou','Bafata Demba',593283,1411258),(1269,3,'KOLDA','VELINGARA','Ouassadou','Pira',580773,1412041),(1270,3,'KOLDA','VELINGARA','Ouassadou','Sare Ogna',595772,1413981),(1271,3,'Kolda','v├®lingara','Ouassadou','Sinthiang Fally',594404,1414776),(1272,3,'Kolda','v├®lingara','Ouassadou','Bafata Demba',593201,1410100),(1273,3,'SEDHIOU','SEDHIOU','Oudacar','Manconomba',460970,1422138),(1274,3,'SEDHIOU','SEDHIOU','Oudacar','Oudoucar',464056,1422829),(1275,3,'SEDHIOU','SEDHIOU','Oudacar','Marandani I Et II',467365,1423374),(1276,3,'ZIGUINCHOR','BIGNONA','Oulampane','Diango',383441,1424648),(1277,3,'ZIGUINCHOR','BIGNONA','Oulampane','Mampalago',391812,1428500),(1278,3,'ZIGUINCHOR','BIGNONA','Ouonck','Santack',386794,1411661),(1279,3,'ZIGUINCHOR','BIGNONA','Ouonck','Ndiagne',387435,1420399),(1280,1,'MATAM','KANEL','Ouro Sidy','Bow',704246,1713310),(1281,1,'MATAM','KANEL','Ouro Sidy','Thialy Maka',703112,1716227),(1282,1,'MATAM','KANEL','Ouro Sidy','Thialy Soubalo',703112,1716557),(1283,3,'KOLDA','VELINGARA','Pakour','Popodie',609221,1410155),(1284,3,'KOLDA','VELINGARA','Pakour','Pakour',614000,1410344),(1285,3,'KOLDA','VELINGARA','Pakour','Kaourane',613406,1410735),(1286,3,'Kolda','v├®lingara','Pakour','Linketo Samba',609205,1410178),(1287,2,'KAOLACK','NIORO DU RIP','Paos Koto','Nioro Du Rip',415775,1519192),(1288,2,'KAOLACK','NIORO DU RIP','Paos Koto','Diamaguene',413878,1521159),(1289,2,'KAOLACK','NIORO DU RIP','Paos Koto','Keur Ndary Ndiaye',414939,1522232),(1290,2,'KAOLACK','NIORO DU RIP','Paos Koto','Keur Malle',410135,1523373),(1291,2,'KAOLACK','NIORO DU RIP','Paos Koto','Paoskoto',413072,1523773),(1292,2,'KAOLACK','NIORO DU RIP','Paos Koto','Keur Gagny Ndao',409180,1523810),(1293,2,'KAOLACK','NIORO DU RIP','Paos Koto','Taiba Ndrame',409933,1525243),(1294,2,'KAOLACK','NIORO DU RIP','Paos Koto','Keur Diery',412243,1525507),(1295,2,'KAOLACK','NIORO DU RIP','Paos Koto','Taiba Keur Djim',412109,1525993),(1296,2,'KAOLACK','NIORO DU RIP','Paos Koto','Venthieny',409622,1526289),(1297,2,'KAOLACK','NIORO DU RIP','Paos Koto','Keur Souleye Thiam',409424,1527200),(1298,2,'KAOLACK','NIORO DU RIP','Paos Koto','Keur Souleye Ndiaye',407598,1527592),(1299,2,'KAOLACK','NIORO DU RIP','Paos Koto','Keur Ousmane Ndiamatou',404947,1528165),(1300,2,'KAOLACK','NIORO DU RIP','Paos Koto','Keur Ndiouga Drame',407501,1528647),(1301,2,'KAOLACK','NIORO DU RIP','Paos Koto','Dinguiraye',407228,1530607),(1302,2,'KAOLACK','NIORO DU RIP','Paos Koto','Keur Katim Toure',402889,1530722),(1303,2,'KAOLACK','NIORO DU RIP','Paos Koto','Dinguiraye Illo',408503,1530764),(1304,2,'KAOLACK','NIORO DU RIP','Paos Koto','Keur Gamou',410096,1531311),(1305,2,'KAOLACK','NIORO DU RIP','Paos Koto','Keur Safatim',408145,1531471),(1306,2,'KAOLACK','NIORO DU RIP','Paos Koto','Keur Aly Die',405444,1531788),(1307,2,'KAOLACK','NIORO DU RIP','Paos Koto','Keur Bara Tambedou',406403,1532136),(1308,2,'KAOLACK','NIORO DU RIP','Paos Koto','Keur Macoumba Ndiaye',405446,1532248),(1309,2,'KAOLACK','NIORO DU RIP','Paos Koto','Pakala Mbayene',401781,1533035),(1310,2,'KAOLACK','NIORO DU RIP','Paos Koto','Keur Cheikhou Oumar',407983,1533181),(1311,2,'KAOLACK','NIORO DU RIP','Paos Koto','Pakala Thisse',401832,1533225),(1312,2,'KAOLACK','NIORO DU RIP','Paos Koto','Gapakh',405142,1533618),(1313,2,'KAOLACK','NIORO DU RIP','Paos Koto','Medina Mbayene',406802,1533626),(1314,2,'KAOLACK','NIORO DU RIP','Paos Koto','Keur Birane Ba',405756,1534859),(1315,2,'KAOLACK','NIORO DU RIP','Paos Koto','Yalle Keur El Hadji Ma',407769,1535023),(1316,3,'KOLDA','VELINGARA','Paroumba','Kael Bessel',633199,1403941),(1317,3,'KOLDA','VELINGARA','Paroumba','Paroumba Mandingue',626248,1414096),(1318,2,'KAOLACK','NIORO DU RIP','Prokhane','Keur Samboye',403839,1503530),(1319,2,'KAOLACK','NIORO DU RIP','Prokhane','Darou Sahette',411955,1504117),(1320,2,'KAOLACK','NIORO DU RIP','Prokhane','Keur Moussa Frontiere',406066,1505808),(1321,2,'KAOLACK','NIORO DU RIP','Prokhane','Keur Diatta',416285,1505810),(1322,2,'KAOLACK','NIORO DU RIP','Prokhane','Youna',404154,1507523),(1323,2,'KAOLACK','NIORO DU RIP','Prokhane','Keur Babou Diop',414033,1507739),(1324,2,'KAOLACK','NIORO DU RIP','Prokhane','Tawa Rip',414063,1508648),(1325,2,'KAOLACK','NIORO DU RIP','Prokhane','Touba Prokhane',406063,1509462),(1326,2,'KAOLACK','NIORO DU RIP','Prokhane','Keur War',409106,1509932),(1327,2,'KAOLACK','NIORO DU RIP','Prokhane','Mamby Ouolof',411576,1510215),(1328,2,'KAOLACK','NIORO DU RIP','Prokhane','Keur Birane Dia',410473,1510265),(1329,2,'KAOLACK','NIORO DU RIP','Prokhane','Ndiobene Bangadji',404826,1510514),(1330,2,'KAOLACK','NIORO DU RIP','Prokhane','Keur Nalla',414982,1510865),(1331,2,'KAOLACK','NIORO DU RIP','Prokhane','Keur Samba Ndoukou',411080,1511799),(1332,2,'KAOLACK','NIORO DU RIP','Prokhane','Keur Aly Samba',404550,1512001),(1333,2,'KAOLACK','NIORO DU RIP','Prokhane','Keur Sette Diakhou',418113,1512303),(1334,2,'KAOLACK','NIORO DU RIP','Prokhane','Daga Alboury',412555,1512444),(1335,2,'KAOLACK','NIORO DU RIP','Prokhane','Prokhane Toucouleur',411195,1512710),(1336,2,'KAOLACK','NIORO DU RIP','Prokhane','Sam Keur Toubeye',410088,1513275),(1337,2,'KAOLACK','NIORO DU RIP','Prokhane','Keur Oumar Sabaly',418746,1513618),(1338,2,'KAOLACK','NIORO DU RIP','Prokhane','Keur Sountou',415688,1513643),(1339,2,'KAOLACK','NIORO DU RIP','Prokhane','Prokhane Peulh',410786,1513644),(1340,2,'KAOLACK','NIORO DU RIP','Prokhane','Prokhane Ouolof',410257,1513783),(1341,2,'KAOLACK','NIORO DU RIP','Prokhane','Keur Illo Ka',406134,1515043),(1342,2,'KAOLACK','NIORO DU RIP','Prokhane','Darou Mougnaguene',412093,1515192),(1343,2,'KAOLACK','NIORO DU RIP','Prokhane','Keur Bidji Awa',401765,1515806),(1344,2,'KAOLACK','NIORO DU RIP','Prokhane','Keur Antou Mbaye',410196,1517025),(1345,2,'KAOLACK','NIORO DU RIP','Prokhane','Keur Alassane Khodia',407701,1518095),(1346,2,'KAOLACK','NIORO DU RIP','Prokhane','Hafia Thiamene',402848,1518372),(1347,2,'KAOLACK','NIORO DU RIP','Prokhane','Daga Diogop',408766,1518823),(1348,1,'SAINT LOUIS','DAGANA','Ronkh','Nadiel I',395736,1808697),(1349,1,'SAINT LOUIS','DAGANA','Ronkh','Nadiel II',396859,1809143),(1350,1,'SAINT LOUIS','DAGANA','Ronkh','Kassack Sud',393503,1811134),(1351,1,'SAINT LOUIS','DAGANA','Ronkh','Colonnat (Balki)',407286,1813640),(1352,1,'SAINT LOUIS','DAGANA','Ronkh','Diawar',387739,1820263),(1353,1,'SAINT LOUIS','DAGANA','Ronkh','Richard Toll',425692,1820350),(1354,1,'SAINT LOUIS','DAGANA','Ronkh','Wassoul',391525,1822493),(1355,1,'SAINT LOUIS','DAGANA','Ronkh','Thiagar',408741,1822607),(1356,1,'SAINT LOUIS','DAGANA','Ronkh','Mbagam',416965,1822797),(1357,1,'SAINT LOUIS','DAGANA','Ronkh','Ronkh',394894,1823254),(1358,1,'SAINT LOUIS','DAGANA','Ronkh','Ndietene',407650,1823974),(1359,1,'SAINT LOUIS','DAGANA','Ronkh','Khor',402330,1824225),(1360,1,'SAINT LOUIS','DAGANA','Ronkh','Rosso-Senegal',413480,1824392),(1361,1,'SAINT LOUIS','DAGANA','Ronkh','Kheune',382023,1827788),(1362,1,'SAINT LOUIS','DAGANA','Ronkh','Mboundoum Est',390509,1815017),(1363,1,'SAINT LOUIS','DAGANA','Ronkh','Guiladou',398564,1812208),(1364,1,'SAINT LOUIS','DAGANA','Ronkh','Ndiaw',423370,1821235),(1365,1,'SAINT LOUIS','DAGANA','Ronkh','Nadiel III',396979,1819240),(1366,1,'SAINT LOUIS','DAGANA','Ronkh','Nadiel IV',397691,1808585),(1367,1,'SAINT LOUIS','DAGANA','Ronkh','Wouro L\'islam I',392150,1805804),(1368,1,'SAINT LOUIS','DAGANA','Ronkh','Wouro L\'islam II',389178,1807064),(1369,1,'SAINT LOUIS','DAGANA','Ronkh','Wouro L\'islam',392690,1807064),(1370,1,'SAINT LOUIS','DAGANA','Ronkh','Guilado 2',401424,1811206),(1371,2,'KAFFRINE','MALEME HODAR','Sagna','Medina Ngayene',469202,1551818),(1372,2,'KAFFRINE','MALEME HODAR','Sagna','Diaby',471418,1552011),(1373,2,'KAFFRINE','MALEME HODAR','Sagna','Sagna',458417,1558008),(1374,2,'KAFFRINE','MALEME HODAR','Sagna','Tawa Keur El Hadji',468889,1561494),(1375,3,'SEDHIOU','SEDHIOU','Sakar','Bougnadou',448263,1416378),(1376,3,'SEDHIOU','SEDHIOU','Sakar','Badougha',445773,1417645),(1377,3,'SEDHIOU','SEDHIOU','Sakar','Bany',453912,1419507),(1378,3,'SEDHIOU','SEDHIOU','Sakar','Sakar',452111,1419605),(1379,3,'SEDHIOU','SEDHIOU','Sakar','Taiba Madina',448691,1419829),(1380,3,'SEDHIOU','SEDHIOU','Sakar','Babady',445647,1421167),(1381,3,'SEDHIOU','SEDHIOU','Sakar','Farabato',457709,1423747),(1382,3,'SEDHIOU','SEDHIOU','Sakar','Soumboundou',455495,1419216),(1383,2,'KAFFRINE','KOUNGUEUL','Sali Escale','Keur Lamine',514426,1538549),(1384,3,'SEDHIOU','SEDHIOU','Sama Kanta Peulh','Same Kanta PeulH',474237,1425796),(1385,3,'SEDHIOU','SEDHIOU','Sama Kanta Peulh','Sare Souma Manjaque',475438,1428024),(1386,3,'SEDHIOU','SEDHIOU','Sama Kanta Peulh','Sare Souna Peulh',475566,1428369),(1387,3,'SEDHIOU','SEDHIOU','Sama Kanta Peulh','Sare Almamy',473301,1428806),(1388,3,'SEDHIOU','SEDHIOU','Sama Kanta Peulh','Sare Mamadou',482195,1436413),(1389,3,'SEDHIOU','SEDHIOU','Sama Kanta Peulh','Boussimballo',478576,1439920),(1390,3,'SEDHIOU','SEDHIOU','Sama Kanta Peulh','Sare Pathe Diao',475047,1441793),(1391,3,'SEDHIOU','SEDHIOU','Sansamba','Bantangnima',408010,1405154),(1392,3,'SEDHIOU','SEDHIOU','Sansamba','Nema Diaour',403714,1406172),(1393,3,'SEDHIOU','SEDHIOU','Sansamba','Kikiyako',412405,1407247),(1394,3,'SEDHIOU','SEDHIOU','Sansamba','Niassene Mandingue',404345,1407726),(1395,3,'SEDHIOU','SEDHIOU','Sansamba','Karantaba',412044,1407866),(1396,3,'SEDHIOU','SEDHIOU','Sansamba','Niassene Diola',403117,1408531),(1397,3,'SEDHIOU','SEDHIOU','Sansamba','Samacoung I',410945,1409888),(1398,3,'SEDHIOU','SEDHIOU','Sansamba','Diattandian Counda',412767,1410297),(1399,3,'SEDHIOU','SEDHIOU','Sansamba','Tambana',415895,1410321),(1400,3,'SEDHIOU','SEDHIOU','Sansamba','Kooling',408820,1410931),(1401,3,'SEDHIOU','SEDHIOU','Sansamba','Yancine Mandina',419801,1413009),(1402,3,'SEDHIOU','SEDHIOU','Sansamba','Sansamba',412997,1415664),(1403,3,'SEDHIOU','SEDHIOU','Sansamba','Kounounding Dioye',400163,1423614),(1404,3,'SEDHIOU','SEDHIOU','Sansamba','Diafilon Diola',407454,1427877),(1405,3,'SEDHIOU','SEDHIOU','Sansamba','Kambounda',414891,1428772),(1406,3,'SEDHIOU','SEDHIOU','Sansamba','Broghone',408152,1429372),(1407,3,'SEDHIOU','SEDHIOU','Sansamba','Niassene Kabeum',402402,1408753),(1408,3,'SEDHIOU','SEDHIOU','Sansamba','Niassene Kambelemba',404373,1409429),(1409,3,'ZIGUINCHOR','OUSSOUYE','Santhiaba Manjack','Essaoute',322780,1372116),(1410,3,'KOLDA','KOLDA','Sare Bidji','Djida Marietou',496534,1419131),(1411,3,'KOLDA','KOLDA','Sare Bidji','Sare Bilaly',498940,1420810),(1412,3,'KOLDA','KOLDA','Sare Bidji','Kolda',506251,1425095),(1413,3,'KOLDA','KOLDA','Sare Bidji','Sare Dianko',497594,1429227),(1414,3,'KOLDA','KOLDA','Sare Bidji','Sare Sara',497980,1429374),(1415,3,'KOLDA','KOLDA','Sare Bidji','Sare Woundou',505268,1430439),(1416,3,'KOLDA','KOLDA','Sare Bidji','Sare Samba Thieka',502408,1431798),(1417,3,'KOLDA','KOLDA','Sare Bidji','Sare Assette',501720,1432429),(1418,3,'KOLDA','KOLDA','Sare Bidji','Sare Kolidiang',505288,1433121),(1419,3,'KOLDA','KOLDA','Sare Bidji','Sare Konon',500728,1433271),(1420,3,'KOLDA','KOLDA','Sare Bidji','Sare Gagna',502108,1433536),(1421,3,'KOLDA','KOLDA','Sare Bidji','Sare Tamsir',506727,1433904),(1422,3,'KOLDA','KOLDA','Sare Bidji','Sare Goundo Mballo',507124,1434460),(1423,3,'KOLDA','KOLDA','Sare Bidji','Diattouma',505901,1437216),(1424,3,'KOLDA','KOLDA','Sare Bidji','Sare Moussa Sow',505603,1440344),(1425,3,'Kolda','Kolda','Sare Bidji','Sare Borry',504649,1432018),(1426,3,'Kolda','Kolda','Sare Bidji','Koulkoulto',498563,1424899),(1427,3,'KOLDA','VELINGARA','Sare Coly Sale','Sanghare Coli',604495,1447096),(1428,3,'KOLDA','VELINGARA','Sare Coly Sale','Sare Yeroyel',599230,1449387),(1429,3,'KOLDA','VELINGARA','Sare Coly Sale','Sare Savadi',596324,1449585),(1430,3,'KOLDA','VELINGARA','Sare Coly Sale','Djiminy',596403,1450569),(1431,3,'KOLDA','VELINGARA','Sare Coly Sale','Konadji Mali',598901,1450988),(1432,3,'KOLDA','VELINGARA','Sare Coly Sale','Madina Diallo (Sare Di',600752,1453036),(1433,3,'KOLDA','VELINGARA','Sare Coly Sale','Velingara',596447,1453300),(1434,3,'KOLDA','VELINGARA','Sare Coly Sale','Sare Yero Walo',599000,1454637),(1435,3,'SEDHIOU','GOUDOMP','Simbandi Balante','Sanghate',422445,1380290),(1436,3,'SEDHIOU','GOUDOMP','Simbandi Balante','Safane',421806,1381608),(1437,3,'SEDHIOU','GOUDOMP','Simbandi Balante','Niafor Santo',428504,1384914),(1438,3,'SEDHIOU','GOUDOMP','Simbandi Balante','Niafor Douma',429493,1385509),(1439,3,'SEDHIOU','GOUDOMP','Simbandi Balante','Hamdallaye Balante',426656,1386999),(1440,3,'SEDHIOU','GOUDOMP','Simbandi Balante','Bondali',419363,1387558),(1441,3,'SEDHIOU','GOUDOMP','Simbandi Balante','Simbandi Balante',415635,1387776),(1442,3,'SEDHIOU','GOUDOMP','Simbandi Balante','Mandina Balante',418370,1390298),(1443,3,'SEDHIOU','GOUDOMP','Simbandi Brassou','Karoumbou',450867,1390130),(1444,3,'SEDHIOU','GOUDOMP','Simbandi Brassou','Badobar Santo',444863,1391751),(1445,3,'SEDHIOU','GOUDOMP','Simbandi Brassou','Badobar Douma',444321,1391921),(1446,3,'SEDHIOU','GOUDOMP','Simbandi Brassou','Simbandi Brassou Balante',444136,1394887),(1447,3,'SEDHIOU','GOUDOMP','Simbandi Brassou','Simbandi Brassou Manja',443887,1395597),(1448,3,'ZIGUINCHOR','BIGNONA','Sindian','Kourouck',375280,1426858),(1449,3,'KOLDA','VELINGARA','Sinthiang Koundara','Kandiama',625273,1463965),(1450,3,'KOLDA','VELINGARA','Sinthiang Koundara','Diyabougou Coly',608673,1464163),(1451,3,'KOLDA','VELINGARA','Sinthiang Koundara','Boynguel',606299,1464412),(1452,3,'KOLDA','VELINGARA','Sinthiang Koundara','Bolibana',618954,1464680),(1453,3,'KOLDA','VELINGARA','Sinthiang Koundara','Djidda',605222,1464860),(1454,3,'KOLDA','VELINGARA','Sinthiang Koundara','Sinthiang Koundara',618498,1466019),(1455,3,'KOLDA','VELINGARA','Sinthiang Koundara','Boulembou',614064,1470411),(1456,3,'KOLDA','VELINGARA','Sinthiang Koundara','Manda Douanes',626127,1474144),(1457,3,'Kolda','V├Ülingara','Sinthiang Koundara','Foudou',637251,1477564),(1458,3,'Kolda','v├®lingara','Sinthiang Koundara','Dyabougou Coly',610669,1460900),(1459,3,'ZIGUINCHOR','BIGNONA','Suelle','Baila',353488,1425986),(1460,3,'ZIGUINCHOR','BIGNONA','Suelle','Diattang',355354,1429152),(1461,3,'ZIGUINCHOR','BIGNONA','Suelle','Katoudie',354294,1431263),(1462,3,'ZIGUINCHOR','BIGNONA','Suelle','Suel',360590,1431894),(1463,3,'ZIGUINCHOR','BIGNONA','Suelle','Talloum',362501,1435710),(1464,3,'ZIGUINCHOR','BIGNONA','Suelle','Katinong',357379,1435892),(1465,3,'ZIGUINCHOR','BIGNONA','Suelle','Kindieng',360348,1436134),(1466,3,'ZIGUINCHOR','BIGNONA','Suelle','Diacoye Banga',368248,1436843),(1467,3,'ZIGUINCHOR','BIGNONA','Suelle','Balandine',358205,1438202),(1468,3,'ZIGUINCHOR','BIGNONA','Suelle','Diongol',357588,1441614),(1469,3,'ZIGUINCHOR','BIGNONA','Suelle','Djinoudie',355015,1437506),(1470,3,'ZIGUINCHOR','BIGNONA','Suelle','Suelle',358262,1437131),(1471,2,'KAFFRINE','KAFFRINE','SEGRE GATTA','Koky Keur Babou Khored',425289,1543089),(1472,2,'KAFFRINE','KAFFRINE','SEGRE GATTA','Keur Ali Maram',422314,1544601),(1473,2,'KAFFRINE','KAFFRINE','SEGRE GATTA','Doutta Keur Malla',420726,1544756),(1474,2,'KAFFRINE','KAFFRINE','SEGRE GATTA','Keur Sette Awa',418844,1544952),(1475,2,'KAFFRINE','KAFFRINE','SEGRE GATTA','Maka Drame',419147,1545566),(1476,2,'KAFFRINE','KAFFRINE','SEGRE GATTA','Dara Mbayene (Ndiarene',419746,1545656),(1477,2,'KAFFRINE','KAFFRINE','SEGRE GATTA','Ndimbere Mbambara',418317,1545779),(1478,2,'KAFFRINE','KAFFRINE','SEGRE GATTA','Niassene Segre',419239,1546333),(1479,2,'KAFFRINE','KAFFRINE','SEGRE GATTA','Segre Gatta',420763,1547799),(1480,2,'KAFFRINE','KAFFRINE','SEGRE GATTA','Keur Ngatta Drame',425913,1547818),(1481,2,'KAOLACK','NIORO DU RIP','Taiba Niassene','Keur Aliou Pathe',400021,1517002),(1482,2,'KAOLACK','NIORO DU RIP','Taiba Niassene','Mbiteyene Oualo',398326,1519662),(1483,2,'KAOLACK','NIORO DU RIP','Taiba Niassene','Keur Aly Gueye',408799,1520997),(1484,2,'KAOLACK','NIORO DU RIP','Taiba Niassene','Tawa Oualo',395795,1521226),(1485,2,'KAOLACK','NIORO DU RIP','Taiba Niassene','Taiba Niassene',401803,1521525),(1486,2,'KAOLACK','NIORO DU RIP','Taiba Niassene','Fass Keur Omar Tounkar',406160,1522579),(1487,2,'KAOLACK','NIORO DU RIP','Taiba Niassene','Thiamene Oualo',398770,1522732),(1488,2,'KAOLACK','NIORO DU RIP','Taiba Niassene','Nianghene',399563,1523178),(1489,2,'KAOLACK','NIORO DU RIP','Taiba Niassene','Keur Gaye Yacine',407454,1524769),(1490,2,'KAOLACK','NIORO DU RIP','Taiba Niassene','Keur Amath Asta',404835,1524780),(1491,2,'KAOLACK','NIORO DU RIP','Taiba Niassene','Daffar',406690,1525131),(1492,2,'KAOLACK','NIORO DU RIP','Taiba Niassene','Santhie Thiamene',398348,1525962),(1493,2,'KAOLACK','NIORO DU RIP','Taiba Niassene','Kolma Dior Dior',405304,1526885),(1494,2,'KAOLACK','NIORO DU RIP','Taiba Niassene','Keur Maba Awa',401373,1527041),(1495,2,'KAOLACK','NIORO DU RIP','Taiba Niassene','Keur Lahine Khouredia',403509,1528126),(1496,3,'KOLDA','KOLDA','Tankanto Escale','Sare Diallo',490745,1406154),(1497,3,'KOLDA','KOLDA','Tankanto Escale','Konte Counda',492195,1406393),(1498,3,'KOLDA','KOLDA','Tankanto Escale','Medina Sambel Jaleto',494980,1406964),(1499,3,'KOLDA','KOLDA','Tankanto Escale','Taloto',492451,1407545),(1500,3,'KOLDA','KOLDA','Tankanto Escale','Sare Yero Balde',491798,1408203),(1501,3,'KOLDA','KOLDA','Tankanto Escale','Sare Bacoum',490515,1410254),(1502,3,'KOLDA','KOLDA','Tankanto Escale','Nemataba Mounko',498012,1412853),(1503,3,'KOLDA','KOLDA','Tankanto Escale','Nemataba Mandingues',497607,1413461),(1504,3,'KOLDA','KOLDA','Tankanto Escale','Marakissa Diega',501809,1415199),(1505,3,'KOLDA','KOLDA','Tankanto Escale','Tankanto Escale',495553,1417292),(1506,3,'KOLDA','KOLDA','Tankanto Escale','Soutouyel',499775,1419349),(1507,3,'Kolda','Kolda','Tankanto Escale','Marakissa',499556,1415316),(1508,3,'Kolda','Kolda','Tankanto Escale','Boki Maounde',492850,1415227),(1509,3,'SEDHIOU','BOUNKILING','Tankon','Djinani',438235,1460719),(1510,3,'SEDHIOU','BOUNKILING','Tankon','Madina Taibatou',443214,1472018),(1511,3,'ZIGUINCHOR','BIGNONA','Tenghory','Tenghory',368334,1414964),(1512,3,'ZIGUINCHOR','BIGNONA','Tenghory','Djitoucoubon',372019,1415531),(1513,3,'ZIGUINCHOR','BIGNONA','Tenghory','Bignona',366254,1416214),(1514,3,'ZIGUINCHOR','BIGNONA','Tenghory','Falmere',371427,1416780),(1515,3,'ZIGUINCHOR','BIGNONA','Tenghory','Djimakakor',359516,1417285),(1516,3,'ZIGUINCHOR','BIGNONA','Tenghory','Koutenghor',364037,1417801),(1517,3,'ZIGUINCHOR','BIGNONA','Tenghory','Diarone',372332,1418138),(1518,3,'ZIGUINCHOR','BIGNONA','Tenghory','Boutolatte',367210,1418547),(1519,3,'ZIGUINCHOR','BIGNONA','Tenghory','Francounda',371232,1418897),(1520,3,'ZIGUINCHOR','BIGNONA','Tenghory','Mangoulene Nialor',368957,1419610),(1521,3,'ZIGUINCHOR','BIGNONA','Tenghory','Ousseuck',372105,1420132),(1522,3,'ZIGUINCHOR','BIGNONA','Tenghory','Piran',365567,1420285),(1523,3,'ZIGUINCHOR','BIGNONA','Tenghory','Mangoulene Oubeme',370293,1420426),(1524,3,'ZIGUINCHOR','BIGNONA','Tenghory','Mangoulene',370687,1421027),(1525,3,'ZIGUINCHOR','BIGNONA','Tenghory','Sandiougou',372532,1422446),(1526,3,'ZIGUINCHOR','BIGNONA','Tenghory','Kafesse',373891,1422529),(1527,3,'ZIGUINCHOR','BIGNONA','Tenghory','Soutou',362797,1423108),(1528,3,'ZIGUINCHOR','BIGNONA','Tenghory','Badioure',375757,1423468),(1529,3,'ZIGUINCHOR','BIGNONA','Tenghory','Mangoulene Dioga',370396,1423690),(1530,3,'ZIGUINCHOR','BIGNONA','Tenghory','Niassirang',363307,1425305),(1531,2,'KAOLACK','KAOLACK','Thiare','Thianga Diabel',423762,1533815),(1532,2,'KAOLACK','KAOLACK','Thiare','Keur Mandiaye',418990,1534534),(1533,2,'KAOLACK','KAOLACK','Thiare','Thianga Lahine',422241,1535084),(1534,2,'KAOLACK','KAOLACK','Thiare','Thindogne',419948,1535100),(1535,2,'KAOLACK','KAOLACK','Thiare','Thianga Omar',423721,1535824),(1536,2,'KAOLACK','KAOLACK','Thiare','Thiare',415745,1536595),(1537,2,'KAOLACK','KAOLACK','Thiare','Thianga El Hadji Momat',425143,1536712),(1538,2,'KAOLACK','KAOLACK','Thiare','Koupethie Ndieguene',409618,1537606),(1539,2,'KAOLACK','KAOLACK','Thiare','Lewe',421075,1538648),(1540,2,'KAOLACK','KAOLACK','Thiare','Keur Safady',407611,1538754),(1541,2,'KAOLACK','KAOLACK','Thiare','Kocky',423115,1538985),(1542,2,'KAOLACK','KAOLACK','Thiare','Keur Ndiaga',419312,1539627),(1543,2,'KAOLACK','KAOLACK','Thiare','Gadio',418528,1539885),(1544,2,'KAOLACK','KAOLACK','Thiare','Sathie Bougoum',418679,1540038),(1545,2,'KAOLACK','KAOLACK','Thiare','Keur Malle',414589,1540089),(1546,2,'KAOLACK','KAOLACK','Thiare','Darou Pakathiar',409357,1540172),(1547,2,'KAOLACK','KAOLACK','Thiare','Senala Keur Matar',422731,1540332),(1548,2,'KAOLACK','KAOLACK','Thiare','Keur Ndary',417780,1540347),(1549,2,'KAOLACK','KAOLACK','Thiare','Keur Bocar',417179,1540349),(1550,2,'KAOLACK','KAOLACK','Thiare','Pakathiar Khaye',411777,1540367),(1551,2,'KAOLACK','KAOLACK','Thiare','Pakathiar Ndawene',412188,1540392),(1552,2,'KAOLACK','KAOLACK','Thiare','Pakathiar Elhadj',415530,1540508),(1553,2,'KAOLACK','KAOLACK','Thiare','Senala Keur Abdou',422085,1541241),(1554,2,'KAOLACK','KAOLACK','Thiare','Santhiou Mbayene',419884,1541723),(1555,2,'KAOLACK','KAOLACK','Thiare','Ndoune',413757,1541847),(1556,2,'KAOLACK','KAOLACK','Thiare','Senala Keur Diabel',421085,1541873),(1557,2,'KAOLACK','KAOLACK','Thiare','Taiba Momath',420635,1541874),(1558,2,'KAOLACK','KAOLACK','Thiare','Keur Serigne Drame',418835,1542034),(1559,2,'KAOLACK','KAOLACK','Thiare','Thiakho Matar',407110,1543457),(1560,2,'KAOLACK','KAOLACK','Thiare','Keur Sette Awa',417340,1543728),(1561,2,'KAOLACK','KAOLACK','Thiare','Keur Serigne Bassirou',413590,1543741),(1562,2,'KAOLACK','KAOLACK','Thiare','Moula Bidji',412146,1546693),(1563,3,'KOLDA','KOLDA','Thietty','Soukoto Fataworo',484957,1435958),(1564,3,'KOLDA','KOLDA','Thietty','Thietty',491075,1439563),(1565,3,'KOLDA','KOLDA','Thietty','Gallocounda (Sare Amad',492969,1440334),(1566,3,'KOLDA','KOLDA','Thietty','Sare Simaly',492780,1441137),(1567,3,'Kolda','Kolda','Thietty','Sare Boulal',493012,1438413),(1568,2,'KAFFRINE','KAFFRINE','Touba Mbella','Netty Daga Peulh',432269,1562214),(1569,2,'KAFFRINE','KAFFRINE','Touba Mbella','Tivaouane Live',425518,1569816),(1570,2,'KAFFRINE','KAFFRINE','Touba Mbella','Bidiam',422624,1569873),(1571,2,'KAFFRINE','KAFFRINE','Touba Mbella','Touba Mbella',426639,1573008),(1572,2,'FATICK','FOUNDIOUGNE','Toubacouta','Boussoura (Massarinko)',339436,1503372),(1573,2,'FATICK','FOUNDIOUGNE','Toubacouta','Dassilame Soce (Missir',345889,1510893),(1574,2,'FATICK','FOUNDIOUGNE','Toubacouta','Dassilame',346200,1511715),(1575,2,'FATICK','FOUNDIOUGNE','Toubacouta','Aidara',346318,1512877),(1576,2,'FATICK','FOUNDIOUGNE','Toubacouta','Taiba',345966,1514934),(1577,2,'KAOLACK','NIORO DU RIP','Wack Ngouna','Touba I',385110,1508110),(1578,2,'KAOLACK','NIORO DU RIP','Wack Ngouna','Soucouta',377889,1510803),(1579,2,'KAOLACK','NIORO DU RIP','Wack Ngouna','Fass Ngayene',381035,1511611),(1580,2,'KAOLACK','NIORO DU RIP','Wack Ngouna','Fetto',386143,1511896),(1581,2,'KAOLACK','NIORO DU RIP','Wack Ngouna','Thiawalo Ndioufene',378484,1512238),(1582,2,'KAOLACK','NIORO DU RIP','Wack Ngouna','Keur Babou Mbombe',376687,1513475),(1583,2,'KAOLACK','NIORO DU RIP','Wack Ngouna','Keur Cheikhou Ndiaye',389559,1514932),(1584,2,'KAOLACK','NIORO DU RIP','Wack Ngouna','Medina Thiamene',384655,1514975),(1585,2,'KAOLACK','NIORO DU RIP','Wack Ngouna','Merela Santhie',382252,1514986),(1586,2,'KAOLACK','NIORO DU RIP','Wack Ngouna','Keur Ndiaga Peulh',387510,1515270),(1587,2,'KAOLACK','NIORO DU RIP','Wack Ngouna','Keur Mady Yacine',379226,1515686),(1588,2,'KAOLACK','NIORO DU RIP','Wack Ngouna','Wack Mbathio',384216,1516665),(1589,2,'KAOLACK','NIORO DU RIP','Wack Ngouna','Ngueyene Djim',384517,1517741),(1590,2,'KAOLACK','NIORO DU RIP','Wack Ngouna','Keur Yoro Khodia',389778,1518639),(1591,2,'KAOLACK','NIORO DU RIP','Wack Ngouna','Wack Ngouna',384841,1520955),(1592,2,'KAOLACK','NIORO DU RIP','Wack Ngouna','Keur Mamour Coumba',382313,1521241),(1593,2,'KAOLACK','NIORO DU RIP','Wack Ngouna','Thiarene Alassane',378528,1521762),(1594,2,'KAOLACK','NIORO DU RIP','Wack Ngouna','Diago I',385600,1524802),(1595,2,'KAOLACK','NIORO DU RIP','Wack Ngouna','Nguer Babou',384013,1525268),(1596,3,'SEDHIOU','GOUDOMP','Yarang Banlante','Marsaille',427044,1375598),(1597,3,'SEDHIOU','GOUDOMP','Yarang Banlante','Bagnima',428847,1376832),(1598,3,'SEDHIOU','GOUDOMP','Yarang Banlante','Thianaff',428748,1377472),(1599,3,'SEDHIOU','GOUDOMP','Yarang Banlante','Brimine',427015,1378382),(1600,3,'SEDHIOU','GOUDOMP','Yarang Banlante','Kanico',428177,1378617),(1601,3,'SEDHIOU','GOUDOMP','Yarang Banlante','Sathioum',429820,1379778),(1602,3,'SEDHIOU','GOUDOMP','Yarang Banlante','Samine Escale',431282,1380998),(1603,3,'SEDHIOU','GOUDOMP','Yarang Banlante','Limana',431486,1382794),(1604,2,'THi├êS','MBOUR','DIASS',NULL,NULL,NULL),(1605,2,'THi├êS','MBOUR','FISSEL',NULL,NULL,NULL),(1606,2,'THi├êS','MBOUR','MALICOUNDA',NULL,NULL,NULL),(1607,2,'THi├êS','MBOUR','NDIAGANIAO',NULL,NULL,NULL),(1608,2,'THi├êS','MBOUR','NGUENIENE',NULL,NULL,NULL),(1609,2,'THi├êS','MBOUR','SANDIARA',NULL,NULL,NULL),(1610,2,'THi├êS','MBOUR','SESSENE',NULL,NULL,NULL),(1611,2,'THi├êS','MBOUR','SINDIA',NULL,NULL,NULL),(1612,2,'THi├êS','MBOUR','JOAL FADIOUTH',NULL,NULL,NULL),(1613,2,'THi├êS','MBOUR','MBOUR',NULL,NULL,NULL),(1614,2,'THi├êS','MBOUR','NGAPAROU',NULL,NULL,NULL),(1615,2,'THi├êS','MBOUR','NGUEKHOKH',NULL,NULL,NULL),(1616,2,'THi├êS','MBOUR','POPENGUINE-NDAYANE',NULL,NULL,NULL),(1617,2,'THi├êS','MBOUR','SALY PORTUDAL',NULL,NULL,NULL),(1618,2,'THi├êS','MBOUR','SOMONE',NULL,NULL,NULL),(1619,2,'THi├êS','MBOUR','THIADIAYE',NULL,NULL,NULL),(1620,2,'THi├êS','THi├êS','DIENDER GUEDJI',NULL,NULL,NULL),(1621,2,'THi├êS','THi├êS','FANDENE',NULL,NULL,NULL),(1622,2,'THi├êS','THi├êS','KEUR MOUSSA',NULL,NULL,NULL),(1623,2,'THi├êS','THi├êS','NDIEYENE SIRAKH',NULL,NULL,NULL),(1624,2,'THi├êS','THi├êS','NGOUNDIANE',NULL,NULL,NULL),(1625,2,'THi├êS','THi├êS','NOTTO',NULL,NULL,NULL),(1626,2,'THi├êS','THi├êS','TASSETTE',NULL,NULL,NULL),(1627,2,'THi├êS','THi├êS','THIENABA',NULL,NULL,NULL),(1628,2,'THi├êS','THi├êS','TOUBA TOUL',NULL,NULL,NULL),(1629,2,'THi├êS','THi├êS','THi├êS',NULL,NULL,NULL),(1630,2,'THi├êS','THi├êS','KAYAR',NULL,NULL,NULL),(1631,2,'THi├êS','THi├êS','KHOMBOLE',NULL,NULL,NULL),(1632,2,'THi├êS','THi├êS','POUT',NULL,NULL,NULL),(1633,2,'THi├êS','TIVAOUANE','CHERIF LO',NULL,NULL,NULL),(1634,2,'THi├êS','TIVAOUANE','DAROU KHOUDOSS',NULL,NULL,NULL),(1635,2,'THi├êS','TIVAOUANE','KOUL',NULL,NULL,NULL),(1636,2,'THi├êS','TIVAOUANE','MBAYENE',NULL,NULL,NULL),(1637,2,'THi├êS','TIVAOUANE','MEOUANE',NULL,NULL,NULL),(1638,2,'THi├êS','TIVAOUANE','MERINA DAKHAR',NULL,NULL,NULL),(1639,2,'THi├êS','TIVAOUANE','MONT ROLLAND',NULL,NULL,NULL),(1640,2,'THi├êS','TIVAOUANE','NGANDIOUF',NULL,NULL,NULL),(1641,2,'THi├êS','TIVAOUANE','NIAKHENE',NULL,NULL,NULL),(1642,2,'THi├êS','TIVAOUANE','NOTTO GOUYE DIAMA',NULL,NULL,NULL),(1643,2,'THi├êS','TIVAOUANE','PAMBAL',NULL,NULL,NULL),(1644,2,'THi├êS','TIVAOUANE','PEKESSE',NULL,NULL,NULL),(1645,2,'THi├êS','TIVAOUANE','PIRE GOUREYE',NULL,NULL,NULL),(1646,2,'THi├êS','TIVAOUANE','TAIBA NDIAYE',NULL,NULL,NULL),(1647,2,'THi├êS','TIVAOUANE','THILMAKHA',NULL,NULL,NULL),(1648,2,'THi├êS','TIVAOUANE','MBORO',NULL,NULL,NULL),(1649,2,'THi├êS','TIVAOUANE','MECKHE',NULL,NULL,NULL),(1650,2,'THi├êS','TIVAOUANE','TIVAOUANE',NULL,NULL,NULL),(1651,2,'DIOURBEL','BAMBEY','BABA GARAGE',NULL,NULL,NULL),(1652,2,'DIOURBEL','BAMBEY','DANGALMA',NULL,NULL,NULL),(1653,2,'DIOURBEL','BAMBEY','DINGUIRAYE',NULL,NULL,NULL),(1654,2,'DIOURBEL','BAMBEY','GAWANE',NULL,NULL,NULL),(1655,2,'DIOURBEL','BAMBEY','KEUR SAMBA KANE',NULL,NULL,NULL),(1656,2,'DIOURBEL','BAMBEY','LAMBAYE',NULL,NULL,NULL),(1657,2,'DIOURBEL','BAMBEY','NDONDOL',NULL,NULL,NULL),(1658,2,'DIOURBEL','BAMBEY','NGOGOM',NULL,NULL,NULL),(1659,2,'DIOURBEL','BAMBEY','NGOYE',NULL,NULL,NULL),(1660,2,'DIOURBEL','BAMBEY','REFANE',NULL,NULL,NULL),(1661,2,'DIOURBEL','BAMBEY','THIAKHAR',NULL,NULL,NULL),(1662,2,'DIOURBEL','BAMBEY','BAMBEY',NULL,NULL,NULL),(1663,2,'DIOURBEL','DIOURBEL','DANKH SENE',NULL,NULL,NULL),(1664,2,'DIOURBEL','DIOURBEL','GADE ESCALE',NULL,NULL,NULL),(1665,2,'DIOURBEL','DIOURBEL','KEUR NGALGOU',NULL,NULL,NULL),(1666,2,'DIOURBEL','DIOURBEL','NDINDY',NULL,NULL,NULL),(1667,2,'DIOURBEL','DIOURBEL','NDOULO',NULL,NULL,NULL),(1668,2,'DIOURBEL','DIOURBEL','NGOHE',NULL,NULL,NULL),(1669,2,'DIOURBEL','DIOURBEL','PATTAR',NULL,NULL,NULL),(1670,2,'DIOURBEL','DIOURBEL','TAIBA MOUTOUPHA',NULL,NULL,NULL),(1671,2,'DIOURBEL','DIOURBEL','TOCKY GARE',NULL,NULL,NULL),(1672,2,'DIOURBEL','DIOURBEL','TOURE MBONDE',NULL,NULL,NULL),(1673,2,'DIOURBEL','DIOURBEL','DIOURBEL',NULL,NULL,NULL),(1674,2,'DIOURBEL','MBACKE','DALLA NGABOU',NULL,NULL,NULL),(1675,2,'DIOURBEL','MBACKE','DANDEYE GOUYGUI',NULL,NULL,NULL),(1676,2,'DIOURBEL','MBACKE','DAROU NAHIM',NULL,NULL,NULL),(1677,2,'DIOURBEL','MBACKE','DAROU SALAM TYP',NULL,NULL,NULL),(1678,2,'DIOURBEL','MBACKE','KAEL',NULL,NULL,NULL),(1679,2,'DIOURBEL','MBACKE','MADINA',NULL,NULL,NULL),(1680,2,'DIOURBEL','MBACKE','MISSIRAH',NULL,NULL,NULL),(1681,2,'DIOURBEL','MBACKE','NDIOUMANE',NULL,NULL,NULL),(1682,2,'DIOURBEL','MBACKE','NGHAYE',NULL,NULL,NULL),(1683,2,'DIOURBEL','MBACKE','SADIO',NULL,NULL,NULL),(1684,2,'DIOURBEL','MBACKE','TAIBA THIEKENE',NULL,NULL,NULL),(1685,2,'DIOURBEL','MBACKE','TAIF',NULL,NULL,NULL),(1686,2,'DIOURBEL','MBACKE','TOUBA FALL',NULL,NULL,NULL),(1687,2,'DIOURBEL','MBACKE','TOUBA MBOUL',NULL,NULL,NULL),(1688,2,'DIOURBEL','MBACKE','TOUBA MOSQUEE',NULL,NULL,NULL),(1689,2,'DIOURBEL','MBACKE','MBACKE',NULL,NULL,NULL);
/*!40000 ALTER TABLE `localisation` ENABLE KEYS */;
UNLOCK TABLES;

--
-- Table structure for table `magasin`
--

DROP TABLE IF EXISTS `magasin`;
/*!40101 SET @saved_cs_client     = @@character_set_client */;
/*!50503 SET character_set_client = utf8mb4 */;
CREATE TABLE `magasin` (
  `id_magasin` int NOT NULL AUTO_INCREMENT,
  `nom_magasin` varchar(50) NOT NULL,
  `id_institution` int NOT NULL,
  `id_localisation` int NOT NULL,
  PRIMARY KEY (`id_magasin`),
  KEY `id_localisation` (`id_localisation`),
  CONSTRAINT `magasin_ibfk_2` FOREIGN KEY (`id_localisation`) REFERENCES `localisation` (`id_localisation`)
) ENGINE=InnoDB AUTO_INCREMENT=15 DEFAULT CHARSET=utf8mb4 COLLATE=utf8mb4_0900_ai_ci;
/*!40101 SET character_set_client = @saved_cs_client */;

--
-- Dumping data for table `magasin`
--

LOCK TABLES `magasin` WRITE;
/*!40000 ALTER TABLE `magasin` DISABLE KEYS */;
INSERT INTO `magasin` VALUES (1,'Entrepôt Ziguinchor',1,1),(2,'Entrepôt Kaolack',1,176),(3,'Entrepôt',1,6),(5,'Entrepôt Agnack Petit',1,2),(9,'Entrepôt Agnack Petit',1,271),(13,'Test',1,2),(14,'Test',1,2);
/*!40000 ALTER TABLE `magasin` ENABLE KEYS */;
UNLOCK TABLES;

--
-- Table structure for table `niveau_de_production`
--

DROP TABLE IF EXISTS `niveau_de_production`;
/*!40101 SET @saved_cs_client     = @@character_set_client */;
/*!50503 SET character_set_client = utf8mb4 */;
CREATE TABLE `niveau_de_production` (
  `id_niveau` int NOT NULL AUTO_INCREMENT,
  `nom_niveau` enum('G0','G1','G2','Prébase','Base','R1','R2') DEFAULT NULL,
  PRIMARY KEY (`id_niveau`),
  UNIQUE KEY `nom_niveau_UNIQUE` (`nom_niveau`)
) ENGINE=InnoDB AUTO_INCREMENT=8 DEFAULT CHARSET=utf8mb4 COLLATE=utf8mb4_0900_ai_ci;
/*!40101 SET character_set_client = @saved_cs_client */;

--
-- Dumping data for table `niveau_de_production`
--

LOCK TABLES `niveau_de_production` WRITE;
/*!40000 ALTER TABLE `niveau_de_production` DISABLE KEYS */;
INSERT INTO `niveau_de_production` VALUES (1,'G0'),(2,'G1'),(3,'G2'),(4,'Prébase'),(5,'Base'),(6,'R1'),(7,'R2');
/*!40000 ALTER TABLE `niveau_de_production` ENABLE KEYS */;
UNLOCK TABLES;

--
-- Table structure for table `niveau_institution`
--

DROP TABLE IF EXISTS `niveau_institution`;
/*!40101 SET @saved_cs_client     = @@character_set_client */;
/*!50503 SET character_set_client = utf8mb4 */;
CREATE TABLE `niveau_institution` (
  `id_niveau_institution` int NOT NULL AUTO_INCREMENT,
  `id_institution` int NOT NULL,
  `id_niveau` int NOT NULL,
  PRIMARY KEY (`id_niveau_institution`),
  UNIQUE KEY `id_institution` (`id_institution`,`id_niveau`),
  KEY `fk_institution_idx` (`id_institution`),
  KEY `fk_niveau_idx` (`id_niveau`),
  CONSTRAINT `fk_institution` FOREIGN KEY (`id_institution`) REFERENCES `institution` (`id_institution`),
  CONSTRAINT `fk_niveau` FOREIGN KEY (`id_niveau`) REFERENCES `niveau_de_production` (`id_niveau`)
) ENGINE=InnoDB AUTO_INCREMENT=8 DEFAULT CHARSET=utf8mb4 COLLATE=utf8mb4_0900_ai_ci;
/*!40101 SET character_set_client = @saved_cs_client */;

--
-- Dumping data for table `niveau_institution`
--

LOCK TABLES `niveau_institution` WRITE;
/*!40000 ALTER TABLE `niveau_institution` DISABLE KEYS */;
INSERT INTO `niveau_institution` VALUES (5,1,1),(6,1,2),(1,1,3),(2,1,4),(3,1,5),(4,1,6);
/*!40000 ALTER TABLE `niveau_institution` ENABLE KEYS */;
UNLOCK TABLES;

--
-- Table structure for table `production`
--

DROP TABLE IF EXISTS `production`;
/*!40101 SET @saved_cs_client     = @@character_set_client */;
/*!50503 SET character_set_client = utf8mb4 */;
CREATE TABLE `production` (
  `id_production` int NOT NULL AUTO_INCREMENT,
  `date_de_production` date DEFAULT NULL,
  `quantite_produite` int unsigned NOT NULL,
  `prix_unitaire` int unsigned NOT NULL,
  `id_localisation` int NOT NULL,
  `id_magasin` int NOT NULL,
  `id_niveau_institution` int NOT NULL,
  `id_variete_institution` int NOT NULL,
  `id_institution` int NOT NULL DEFAULT '1',
  `quantite_disponible` int DEFAULT NULL,
  PRIMARY KEY (`id_production`),
  KEY `id_magasin` (`id_magasin`),
  KEY `id_localisation` (`id_localisation`),
  KEY `production_ibfk_4_idx` (`id_variete_institution`),
  KEY `id_variete_institution` (`id_variete_institution`),
  KEY `production_ibfk_5_idx` (`id_institution`),
  KEY `production_ibfk_3_idx` (`id_niveau_institution`),
  CONSTRAINT `production_ibfk_1` FOREIGN KEY (`id_magasin`) REFERENCES `magasin` (`id_magasin`),
  CONSTRAINT `production_ibfk_2` FOREIGN KEY (`id_localisation`) REFERENCES `localisation` (`id_localisation`),
  CONSTRAINT `production_ibfk_3` FOREIGN KEY (`id_niveau_institution`) REFERENCES `niveau_institution` (`id_niveau_institution`),
  CONSTRAINT `production_ibfk_4` FOREIGN KEY (`id_variete_institution`) REFERENCES `variete_institution` (`id_variete_institution`),
  CONSTRAINT `production_ibfk_5` FOREIGN KEY (`id_institution`) REFERENCES `institution` (`id_institution`)
) ENGINE=InnoDB AUTO_INCREMENT=73 DEFAULT CHARSET=utf8mb4 COLLATE=utf8mb4_0900_ai_ci;
/*!40101 SET character_set_client = @saved_cs_client */;

--
-- Dumping data for table `production`
--

LOCK TABLES `production` WRITE;
/*!40000 ALTER TABLE `production` DISABLE KEYS */;
INSERT INTO `production` VALUES (66,'2020-08-27',3300,100,2,1,2,18,1,500),(67,'2020-08-11',9300,150,6,3,2,19,1,8150),(68,'2020-06-01',7200,125,176,2,2,22,1,6700),(69,'2020-07-23',3100,125,2,1,2,24,1,100),(70,'2020-07-23',7500,150,176,2,2,27,1,6500),(71,'2020-07-23',4900,75,271,9,2,27,1,3900),(72,'2020-05-28',4000,100,6,3,2,26,1,3000);
/*!40000 ALTER TABLE `production` ENABLE KEYS */;
UNLOCK TABLES;

--
-- Table structure for table `speculation`
--

DROP TABLE IF EXISTS `speculation`;
/*!40101 SET @saved_cs_client     = @@character_set_client */;
/*!50503 SET character_set_client = utf8mb4 */;
CREATE TABLE `speculation` (
  `id_speculation` int unsigned NOT NULL AUTO_INCREMENT,
  `nom_speculation` varchar(64) NOT NULL,
  `image_speculation` blob,
  PRIMARY KEY (`id_speculation`),
  UNIQUE KEY `nom_speculation_UNIQUE` (`nom_speculation`)
) ENGINE=InnoDB AUTO_INCREMENT=15 DEFAULT CHARSET=utf8mb4 COLLATE=utf8mb4_0900_ai_ci;
/*!40101 SET character_set_client = @saved_cs_client */;

--
-- Dumping data for table `speculation`
--

LOCK TABLES `speculation` WRITE;
/*!40000 ALTER TABLE `speculation` DISABLE KEYS */;
INSERT INTO `speculation` VALUES (1,'riz',NULL),(2,'sorgho',NULL),(3,'mil',NULL),(4,'mais',NULL),(5,'arachide',NULL),(6,'niebe',NULL),(7,'oignon',NULL),(8,'tomate',NULL),(9,'piment',NULL),(10,'jaxatu',NULL),(11,'pomme de terre',NULL),(12,'patate douce',NULL),(13,'gombo',NULL),(14,'aubergine',NULL);
/*!40000 ALTER TABLE `speculation` ENABLE KEYS */;
UNLOCK TABLES;

--
-- Table structure for table `speculation_institution`
--

DROP TABLE IF EXISTS `speculation_institution`;
/*!40101 SET @saved_cs_client     = @@character_set_client */;
/*!50503 SET character_set_client = utf8mb4 */;
CREATE TABLE `speculation_institution` (
  `id_institution` int NOT NULL,
  `id_speculation` int NOT NULL,
  `id_speculation_institution` int NOT NULL AUTO_INCREMENT,
  PRIMARY KEY (`id_speculation_institution`),
  UNIQUE KEY `id_institution` (`id_institution`,`id_speculation`),
  UNIQUE KEY `id_speculation` (`id_speculation`,`id_institution`)
) ENGINE=InnoDB AUTO_INCREMENT=18 DEFAULT CHARSET=utf8mb4 COLLATE=utf8mb4_0900_ai_ci;
/*!40101 SET character_set_client = @saved_cs_client */;

--
-- Dumping data for table `speculation_institution`
--

LOCK TABLES `speculation_institution` WRITE;
/*!40000 ALTER TABLE `speculation_institution` DISABLE KEYS */;
INSERT INTO `speculation_institution` VALUES (1,1,11),(1,2,12),(1,3,13);
/*!40000 ALTER TABLE `speculation_institution` ENABLE KEYS */;
UNLOCK TABLES;

--
-- Table structure for table `variete`
--

DROP TABLE IF EXISTS `variete`;
/*!40101 SET @saved_cs_client     = @@character_set_client */;
/*!50503 SET character_set_client = utf8mb4 */;
CREATE TABLE `variete` (
  `id_variete` int NOT NULL AUTO_INCREMENT,
  `nom_variete` varchar(50) NOT NULL,
  `longueur_cycle` int unsigned DEFAULT NULL,
  `id_speculation` int unsigned NOT NULL,
  `id_zone` int NOT NULL,
  PRIMARY KEY (`id_variete`),
  UNIQUE KEY `nom_variete_UNIQUE` (`nom_variete`),
  KEY `fk_speculation_idx` (`id_speculation`),
  KEY `fk_zone_idx` (`id_zone`),
  CONSTRAINT `fk_speculation` FOREIGN KEY (`id_speculation`) REFERENCES `speculation` (`id_speculation`),
  CONSTRAINT `fk_zone` FOREIGN KEY (`id_zone`) REFERENCES `zone_agro_ecologique` (`id_zone`)
) ENGINE=InnoDB AUTO_INCREMENT=101 DEFAULT CHARSET=utf8mb4 COLLATE=utf8mb4_0900_ai_ci;
/*!40101 SET character_set_client = @saved_cs_client */;

--
-- Dumping data for table `variete`
--

LOCK TABLES `variete` WRITE;
/*!40000 ALTER TABLE `variete` DISABLE KEYS */;
INSERT INTO `variete` VALUES (52,'Sahel 108',NULL,1,1),(53,'Sahel 210',NULL,1,1),(54,'Sahel 177',NULL,1,1),(55,'Sahel 134',NULL,1,1),(56,'Sahel 201',NULL,1,1),(57,'Sahel 329',NULL,1,1),(58,'NERICA 4',NULL,1,1),(59,'NERICA 8',NULL,1,1),(60,'NERICA 6',NULL,1,1),(61,'NERICA L19',NULL,1,1),(62,'NERICA S44',NULL,1,1),(63,'FKR 45 N',NULL,1,1),(64,'NERICA 14',NULL,1,1),(65,'DJ 11 509',NULL,1,1),(66,'BG 90 2',NULL,1,1),(67,'Tox 728',NULL,1,1),(68,'War 77',NULL,1,1),(69,'ROK 5',NULL,1,1),(70,'ISRIZ 3 ',NULL,1,1),(71,'ISRIZ 8',NULL,1,1),(72,'ISRIZ 9',NULL,1,1),(73,'ISRIZ 12',NULL,1,1),(74,'ISRIZ 15',NULL,1,1),(75,'CE 145-66',NULL,2,2),(76,'CE 151-262',NULL,2,2),(77,'CE 180-33',NULL,2,2),(78,'CE 196-7-2-1',NULL,2,2),(79,'F2-20',NULL,2,2),(80,'Faourou',NULL,2,2),(81,'Nguinte',NULL,2,2),(82,'Nganda',NULL,2,2),(83,'Darou',NULL,2,2),(84,'Souna 3',NULL,3,2),(85,'IBV 8001',NULL,3,2),(86,'IBV 8004',NULL,3,2),(87,'IBMV 8402',NULL,3,2),(88,'IDSMD 9507',NULL,3,2),(89,'Gawane',NULL,3,2),(90,'Thialack 2',NULL,3,2),(91,'Xeewel Gi',NULL,4,2),(92,'Noor 96',NULL,4,2),(93,'Doo Mer',NULL,4,2),(94,'Sooror',NULL,4,2),(95,'Gaaw Na',NULL,4,2),(96,'Jaboot',NULL,4,2),(97,'Goor Yomboul',NULL,4,2),(98,'Yaayi Seex',NULL,4,2),(99,'Obatampa',NULL,4,2),(100,'Swan',NULL,4,2);
/*!40000 ALTER TABLE `variete` ENABLE KEYS */;
UNLOCK TABLES;

--
-- Table structure for table `variete_institution`
--

DROP TABLE IF EXISTS `variete_institution`;
/*!40101 SET @saved_cs_client     = @@character_set_client */;
/*!50503 SET character_set_client = utf8mb4 */;
CREATE TABLE `variete_institution` (
  `id_institution` int NOT NULL,
  `id_variete` int NOT NULL,
  `stock_de_securite` int unsigned DEFAULT NULL,
  `id_variete_institution` int NOT NULL AUTO_INCREMENT,
  `id_speculation_institution` int NOT NULL,
  `prix` int unsigned DEFAULT NULL,
  PRIMARY KEY (`id_variete_institution`),
  UNIQUE KEY `id_institution` (`id_institution`,`id_variete`)
) ENGINE=InnoDB AUTO_INCREMENT=31 DEFAULT CHARSET=utf8mb4 COLLATE=utf8mb4_0900_ai_ci;
/*!40101 SET character_set_client = @saved_cs_client */;

--
-- Dumping data for table `variete_institution`
--

LOCK TABLES `variete_institution` WRITE;
/*!40000 ALTER TABLE `variete_institution` DISABLE KEYS */;
INSERT INTO `variete_institution` VALUES (1,52,200,18,11,NULL),(1,53,250,19,11,NULL),(1,64,300,20,11,NULL),(1,83,300,21,12,NULL),(1,58,500,22,11,NULL),(1,90,500,23,13,NULL),(1,80,500,24,12,NULL),(1,89,500,25,13,NULL),(1,84,1000,26,13,NULL),(1,75,1000,27,12,NULL),(1,68,1000,28,11,NULL),(1,70,1000,30,11,NULL);
/*!40000 ALTER TABLE `variete_institution` ENABLE KEYS */;
UNLOCK TABLES;

--
-- Table structure for table `zone_agro_ecologique`
--

DROP TABLE IF EXISTS `zone_agro_ecologique`;
/*!40101 SET @saved_cs_client     = @@character_set_client */;
/*!50503 SET character_set_client = utf8mb4 */;
CREATE TABLE `zone_agro_ecologique` (
  `id_zone` int NOT NULL AUTO_INCREMENT,
  `nom_zone` varchar(64) CHARACTER SET utf8 COLLATE utf8_unicode_ci DEFAULT NULL,
  PRIMARY KEY (`id_zone`),
  UNIQUE KEY `nom_zone_UNIQUE` (`nom_zone`)
) ENGINE=InnoDB AUTO_INCREMENT=4 DEFAULT CHARSET=utf8mb4 COLLATE=utf8mb4_0900_ai_ci;
/*!40101 SET character_set_client = @saved_cs_client */;

--
-- Dumping data for table `zone_agro_ecologique`
--

LOCK TABLES `zone_agro_ecologique` WRITE;
/*!40000 ALTER TABLE `zone_agro_ecologique` DISABLE KEYS */;
INSERT INTO `zone_agro_ecologique` VALUES (2,'Centre'),(3,'Sud'),(1,'Vallée du fleuve Sénégal');
/*!40000 ALTER TABLE `zone_agro_ecologique` ENABLE KEYS */;
UNLOCK TABLES;

--
-- Table structure for table `zone_institution`
--

DROP TABLE IF EXISTS `zone_institution`;
/*!40101 SET @saved_cs_client     = @@character_set_client */;
/*!50503 SET character_set_client = utf8mb4 */;
CREATE TABLE `zone_institution` (
  `id_zone_institution` int NOT NULL AUTO_INCREMENT,
  `id_institution` int NOT NULL,
  `id_localisation` int NOT NULL,
  PRIMARY KEY (`id_zone_institution`),
  UNIQUE KEY `id_institution` (`id_institution`,`id_localisation`),
  UNIQUE KEY `id_institution_2` (`id_institution`,`id_localisation`),
  KEY `id_localisation` (`id_localisation`),
  CONSTRAINT `zone_institution_ibfk_1` FOREIGN KEY (`id_localisation`) REFERENCES `localisation` (`id_localisation`)
) ENGINE=InnoDB AUTO_INCREMENT=7 DEFAULT CHARSET=utf8mb4 COLLATE=utf8mb4_0900_ai_ci;
/*!40101 SET character_set_client = @saved_cs_client */;

--
-- Dumping data for table `zone_institution`
--

LOCK TABLES `zone_institution` WRITE;
/*!40000 ALTER TABLE `zone_institution` DISABLE KEYS */;
INSERT INTO `zone_institution` VALUES (2,1,2),(3,1,6),(1,1,176),(5,1,271),(6,1,845);
/*!40000 ALTER TABLE `zone_institution` ENABLE KEYS */;
UNLOCK TABLES;
/*!40103 SET TIME_ZONE=@OLD_TIME_ZONE */;

/*!40101 SET SQL_MODE=@OLD_SQL_MODE */;
/*!40014 SET FOREIGN_KEY_CHECKS=@OLD_FOREIGN_KEY_CHECKS */;
/*!40014 SET UNIQUE_CHECKS=@OLD_UNIQUE_CHECKS */;
/*!40101 SET CHARACTER_SET_CLIENT=@OLD_CHARACTER_SET_CLIENT */;
/*!40101 SET CHARACTER_SET_RESULTS=@OLD_CHARACTER_SET_RESULTS */;
/*!40101 SET COLLATION_CONNECTION=@OLD_COLLATION_CONNECTION */;
/*!40111 SET SQL_NOTES=@OLD_SQL_NOTES */;

-- Dump completed on 2020-08-29 16:03:51
